pes_bsk;pes_tip;pes_nom
50363;JURÍDICA;ASA INDUSTRIA E COMERCIO LTDA                     
00202;JURÍDICA;N.D.C.C MATTOSO MAIA                              
50299;JURÍDICA;COMERCIAL DE ELETRODOMESTICOS GONDIM LTDA         
00240;JURÍDICA;SOCIEDADE UNIV. DE DES. PROFISSIONALIZANTE S.A.   
00297;JURÍDICA;NICOLAS BARREIRA GONZALEZ                         
00016;JURÍDICA;CDP - REFEICOES COLETIVAS LTDA.                   
50089;JURÍDICA;SS BORGES COMÉRCIO IMPORTAÇÃO E EXPORTAÇÃO LTDA   
00565;JURÍDICA;PREFEITURA MUNICIPAL DE IBARETAMA                 
50012;JURÍDICA;LUSTRA MIL INDUSTRIA E COMERCIO LTDA              
50133;JURÍDICA;FRANCISCO GILDEVAN NUNES AGUIAR ME                
50416;JURÍDICA;F. F. DE MORAIS FILHO                             
00231;JURÍDICA;GERARDO'S  DISTRIBUIDORA LTDA.                    
50179;JURÍDICA;INDGOLD IND. COM. E DERIVADOS DE CARNES LTDA.     
50165;JURÍDICA;TÉRMICA INDÚSTRIA E COMÉRCIO DE EMBALAGENS LTDA   
50379;JURÍDICA;CIDADE DO SOL COM. DE HORTIFRUTIGRANGEIROS LTDA   
50123;JURÍDICA;CEREALISTA TERRA DO SOL E SERVICOS LTDA           
00577;JURÍDICA;FUNDACAO VIVA MARANGUAPE DE TURISMO ESPORTE E CULT
00614;JURÍDICA;LIGA ESPORTIVA ARTE E CULTURAL BENEFICIENTE LEACB 
50362;JURÍDICA;LARBOS DISTRIBUIDORA                              
50423;JURÍDICA;MANOEL GOMES DE SOUZA                             
50453;JURÍDICA;MARIA DO SOCORRO OLIVEIRA DE MEDEIROS-ME          
50013;JURÍDICA;VALTER RUBENS HOLANDA FERNANDES                   
50376;JURÍDICA;J. ARY TECIDOS LTDA                               
50053;JURÍDICA;GUT LAR INDUSTRIAL LTDA                           
50155;JURÍDICA;ALDEIA ALIMENTOS LTDA                             
50350;JURÍDICA;FRANCISCO NILTON MACIEL PIRES- EPP                
50191;JURÍDICA;RENOVA TECNOLOGIA EM PAPEL LTDA.                  
00460;JURÍDICA;CONS. ESCOLAR DA ESCOLA DE 1º GRAU CASTRO ALVES   
00172;JURÍDICA;BR MIX LTDA - EPP                                 
50529;JURÍDICA;A S RODRIGUES INDUST. E COM. DE POLPA DE FRUTAS ME
50068;JURÍDICA;GAC IMPORTACAO E EXPORTACAO LTDA                  
50543;JURÍDICA;JOSE CLEITON CORREIA HOLANDA - ME                 
00006;JURÍDICA;TRIBUNAL DE JUSTIÇA DO ESTADO DO CEARA            
00011;JURÍDICA;BRITAP - BRITAGEM PONTES LTDA                     
00442;JURÍDICA;FRANCISCO PAULO DE LIMA                           
00053;JURÍDICA;ASSOCIACAO DAS PIONEIRAS SOCIAIS                  
50346;JURÍDICA;WIPEX BRASIL IND. COM. PROD. HIG. LTDA            
50058;JURÍDICA;CJ DISTRIBUIDORA E COMERCIO LTDA.                 
50368;JURÍDICA;CIA BRASILEIRA DE DISTRIBUICAO                    
50528;JURÍDICA;MAQPEL COMERCIO SERVIÇOS LTDA - EPP               
50398;JURÍDICA;WMS SUPERMERCADOS DO BR.                          
00040;JURÍDICA;SECRETARIA DA ADMINISTRACAO                       
50559;JURÍDICA;BANCO ITAU S.A.                                   
00209;JURÍDICA;SECRETARIA MUNIC. DE PLANEJAMENTO E ORCAMENTO     
50610;JURÍDICA;JAV INDUSTRIA DE ALIMENTOS LTDA.                  
50019;JURÍDICA;PERDIGAO AGROINDUSTRIA S.A.                       
50487;JURÍDICA;EDITORA VERDES MARES LTDA                         
50301;JURÍDICA;JBC COMERCIO DE PECAS PARA REFRIGERACAO LTDA      
50541;JURÍDICA;FRIGELAR COMÉRCIO & DISTRIBUIÇÃO S/A              
00542;JURÍDICA;SECRETARIA DAS CIDADES                            
00098;JURÍDICA;FUND. NUCLEO DE TECNOLOGIA INDUSTRIAL - NUTEC     
00185;JURÍDICA;PREFEITURA MUNICIPAL DE CAMOCIM                   
50687;JURÍDICA;MERCÚRIO ALIMENTOS S.A                            
50338;JURÍDICA;GERARDO BASTOS PNEUS E PECAS LTDA                 
00038;JURÍDICA;HOSPITAL DE MESSEJANA - HM                        
00027;JURÍDICA;CORPO DE BOMBEIROS MILITAR DO CEARA               
00265;JURÍDICA;POLICIA MILITAR DO ESTADO DO CEARA                
00163;JURÍDICA;RESTAURANTE BRASIL TROPICAL LTDA.                 
00432;JURÍDICA;FREITAS COMERCIO DE MIUDEZAS LTDA.                
00041;JURÍDICA;HOSPITAL DISTRITAL GONZAGA MOTA - MESSEJANA       
00373;JURÍDICA;AUTO SERVICE LTDA.                                
50570;JURÍDICA;MERCOSAL ALIMENTOS LTDA                           
00033;JURÍDICA;SECRETARIA DO DESENVOLVIMENTO ECONOMICO           
50658;JURÍDICA;SS SOLUCAO SISTEMAS EPP                           
50298;JURÍDICA;KAIAPOS FABRIL E EXPORTADORA LTDA                 
50448;JURÍDICA;ECM COMERCIAL DE HORTIFRUTIGRANGEIROS LTDA.       
00235;FÍSICA  ;GERALDO JOAO COAN                                 
00618;JURÍDICA;F G CADETE                                        
50025;JURÍDICA;RISHON PERFUMES E COSMÉTICOS LTDA                 
00139;JURÍDICA;PREFEITURA MUNICIPAL DE GRANJA                    
50237;JURÍDICA;INDUSTRIA E COM. MEDEIROS FARIAS LTDA. - EPP      
50209;JURÍDICA;PSA INDUSTRIAL DE PAPEL S.A                       
50126;JURÍDICA;SAMARINA IND DE MASSAS ALIMENTÍCIAS E RAÇÕES LTDA 
00529;JURÍDICA;MULTEMPREX COM. E S. ALIM. E. INF. E A. LTDA EPP  
00076;JURÍDICA;SENAI DEPARTAMENTO REGIONAL DO CEARA - CERTREM    
50252;JURÍDICA;FRANCISCA MARY FERREIRA MARCOS ME                 
00327;JURÍDICA;APAVEL - APARECIDA VEÍCULOS LTDA                  
50390;JURÍDICA;FC DISTRIBUIDORA DE PROD. D                       
50315;JURÍDICA;ART MEDICA                                        
50271;JURÍDICA;M.A VARIEDADES LTDA                               
50026;JURÍDICA;FACEPA FABRICA DE PAPEL DA AMAZONIA S/A           
50521;JURÍDICA;ELETRO CASTELO                                    
00278;JURÍDICA;ASSOCIACAO PARA DESENV. LOCAL CO - ADELCO         
00125;JURÍDICA;PREFEITURA MUNICIPAL DE UMIRIM                    
50194;JURÍDICA;W. O. COM. E REP. (W.O.DE SOUSA JÚNIOR)           
00551;JURÍDICA;CONS ESCOLAR DA ESC. MUN. SAO VICENTE DE ENS. FUND
50105;JURÍDICA;YPIÓCA ÁGUAS MINERAIS INDÚSTRIA E COMÉRCIO LTDA   
00361;JURÍDICA;PREFEITURA MUNICIPAL DE GENERAL SAMPAIO           
00311;JURÍDICA;HOSPITAL DIST. NOSSA SENHORA DA CONCEICAO         
00612;JURÍDICA;GRUPAMENTO DE APOIO DE FORTALEZA - GAP-FZ         
00347;JURÍDICA;CONDOMINIO EDIFICIO CLASSIC RESIDENCE             
00389;JURÍDICA;JOSIMAR RODRIGUES DE CASTRO                       
00528;JURÍDICA;AGENCIA DE DEFESA AGROPECUARIA DO ESTADO DO CEARA 
50080;JURÍDICA;PASCHOAL CALVANO INDÚSTRIA E COMÉRCIO LTDA        
50500;JURÍDICA;ODEBRECHT COMERCIO E INDUSTRIA DE CAFE LTDA.      
00342;JURÍDICA;SAGANOR NORDESTE COM. DE AUTOM. E SERV. LTDA.     
50004;JURÍDICA;LABORATORIO MADREVITA LTDA                        
00420;JURÍDICA;PLAX INDUSTRIA E COMERCIO DE SOLVENTES LTDA.      
50317;JURÍDICA;FRUTOS DA TERRA DIST.DE HORTIFRUTIGRANJEIROS ALIM.
00043;JURÍDICA;HOSPITAL DISTRITAL GONZAGA MOTA - JOSE WALTER     
00276;JURÍDICA;EUROFLEX INDUSTRIA COMERCIO DE COLCOES LTDA.      
00567;JURÍDICA;UNID EXECUTORA DA ESC PE ARIMATEIA DINIZ          
00452;JURÍDICA;BACHA & CIA. LTDA.                                
00409;JURÍDICA;HOSPITAL PEDIATRIA PROF. HERIBERTO F. BEZERRA     
50435;JURÍDICA;FORTAL FORTALEZA DISTRIBUIDORA DE BEBIDAS LTDA    
50669;JURÍDICA;T&T COMÉRCIO E REPRESENTAÇÃO LTDA                 
50269;JURÍDICA;ORGANIZACAO ELADIO BEDE LTDA.                     
50483;JURÍDICA;MARMOTAS PRODUCOES LTDA - ME                      
50245;JURÍDICA;PFM COMERCIAL LTDA                                
00116;JURÍDICA;CONDOMINIO EDIFICIO IATE PLAZA                    
50360;JURÍDICA;PICO AUTO-COMERCIO, SERVIÇOS E REPRESENTAÇOES LTDA
00029;JURÍDICA;SECRETARIA DA SAUDE DO ESTADO DO CEARA            
00153;JURÍDICA;PREFEITURA MUNICIPAL DE HORIZONTE                 
50290;JURÍDICA;M.E.S GOMES- EPP                                  
00385;JURÍDICA;M DIAS BRANCO S.A IND COM ALIMTS-GMT              
00466;JURÍDICA;ESCOLA DE ENSINO MEDIO FCA. MOREIRA DE SOUZA      
50452;JURÍDICA;BETTA COMERCIO E SERVIÇOS                         
50282;JURÍDICA;ARX COMERCIO DE MOVEIS LTDA                       
50470;JURÍDICA;MICHAEL IMPORTACAO EXPORTACAO LTDA                
00256;JURÍDICA;JUSTICA FEDERAL DE PRIMEIRO GRAU - CE.            
00303;JURÍDICA;SECRETARIA DE PLANEJAMENTO E GESTAO               
50243;JURÍDICA;EMPACOTADORA E DIST. N. SRA. DE FATIMA            
00123;JURÍDICA;SECRETARIA EXECUTIVA REGIONAL VI                  
00474;JURÍDICA;CONS. ESCOLAR DA ESCOLA DE 1º GRAU D. ISABEL      
00444;JURÍDICA;CIRANDA DA VIDA                                   
50168;JURÍDICA;UNIVERSAL DISTRIBUIDORA DE ÁGUA LTDA              
00150;JURÍDICA;FRANCISCO CARLOS ALVES REBOUÇAS.                  
50499;JURÍDICA;UNICHARQUE IND. COM. PROD. ALIM. EIRELI           
50044;JURÍDICA;CODIPA COMERCIO E DISTRIB. DE PROD ALIM. LTDA     
00626;JURÍDICA;PREFEITURA MUNICIPAL DE IPU                       
50254;JURÍDICA;INDUSTRIAS REUNIDAS HELIO ARRUDA COELHO LTDA      
00414;JURÍDICA;FORTALI DIST. DE ALIMENTOS LTDA.                  
00464;JURÍDICA;PROPEG COMUNICACOES LTDA.                         
00197;JURÍDICA;CONDOMINIO DO EDIFICIO CONFORT SUITES             
50378;JURÍDICA;MARCELO DA SILVA CHAVES - ME                      
50056;JURÍDICA;MONTENEGRO IND. E COM. DE PRODUTOS LATÍCINIOS LTDA
50088;JURÍDICA;GUARANY INDÚSTRIA E COMÉRCIO LTDA                 
50181;JURÍDICA;CAMIL ALIMENTOS S/A                               
50480;JURÍDICA;SUCOS DO BRASIL SA                                
00463;JURÍDICA;25º CIRCUNSCRICAO DE SERVICO MILITAR              
50563;JURÍDICA;GIRO S SERVICOS CONTABEIS LTDA ME                 
50264;JURÍDICA;PERFIL INDUSTRIA E COMERCIO DE PAPEIS LTDA        
50560;JURÍDICA;JBS S.A.                                          
00140;JURÍDICA;PREFEITURA MUNICIPAL DE RUSSAS                    
50213;JURÍDICA;PETISCO DISTRIBUIDORA DE ALIM. EIRELI             
00329;JURÍDICA;BAIANA DISTRIBUIDORA DE GAS (ULTRAGAS)            
50648;JURÍDICA;F D PEREIRA DE LIMA ME                            
50259;JURÍDICA;CEREAIS NB                                        
50401;JURÍDICA;DUDAS BURGER IND. E COM. DE PANIFICACAO LTDA.     
00456;JURÍDICA;BRF S.A.                                          
00500;JURÍDICA;INSTITUTO DE PSIQUIATRIA DO CEARA                 
00573;JURÍDICA;FUNDO MUNICIPAL DE ASSISTENCIA SOCIAL DE PARAIPABA
50253;JURÍDICA;BOMFRIO COM. E LOGISTICA DE ALIMENTOS LTDA        
50120;JURÍDICA;AJUBA INDUSTRIA E COMERCIO LTDA                   
00094;JURÍDICA;SERVICO SOCIAL DO COMERCIO - SESC - AR. CE.       
50505;JURÍDICA;LOG IMPORTACAO LTDA                               
50523;JURÍDICA;FRANCISCO WELMITON MAIA ME                        
50440;JURÍDICA;ELIARDO DE PAULA MOVEIS ME                        
00232;JURÍDICA;FRUMAR COMERCIO DE ALIMENTOS E SERVICOS LTDA.     
00470;JURÍDICA;GR LOCACAO E TERCEIRIZACAO MAO DE OBRA LTDA.      
50608;JURÍDICA;W A MORAIS ME                                     
00445;JURÍDICA;MISTER FRANGO AVICOLA FELIPE S/A.                 
50200;JURÍDICA;PREFEITURA MUNICIPAL DE RERIUTABA                 
00341;JURÍDICA;BANCO BRADESCO S/A.                               
00065;JURÍDICA;SENAI DEPARTAMENTO REGIONAL DO CEARA-CFPAABMS     
50238;JURÍDICA;GALETO´S COMERCIAL LTDA                           
00233;JURÍDICA;PREFEITURA MUNICIPAL DE SOBRAL                    
00087;JURÍDICA;PREFEITURA MUNICIPAL DE SAO GONCALO DO AMARANTE-CE
00036;JURÍDICA;INSTITUTO FEDERAL EDUC. CIENC. E TEC. CEARA       
50005;JURÍDICA;NUNES COMÉRCIO DE PAPÉIS LTDA                     
50289;JURÍDICA;BARCELONA COMERCIO VAREJISTA E ATACADISTA S/A     
50066;JURÍDICA;GOLD NUTRITION INDUSTRIA E COMERCIO LTDA.         
00390;JURÍDICA;M.C.J. MOVIMENTO CONCIENCIA JOVEM                 
00340;JURÍDICA;J. FERREIRA LUSOBRASIL. COM. IMPORT. E EXPOR. LTDA
00462;JURÍDICA;HOSPITAL GERAL DE FORTALEZA                       
00128;JURÍDICA;PREFEITURA MUNICIPAL DE JAGUARIBE                 
50578;JURÍDICA;REBECA DE ARAUJO MAIA LEITE                       
50112;JURÍDICA;F T SAECO COMERCIO E SERVICOS LTDA                
50474;JURÍDICA;L F S COMERCIO E IMPORTACAO DE ALIMENTOS LTDA.    
00473;JURÍDICA;FUNDO MUNICIPAL DE SAUDE DE PARAIPABA             
50696;JURÍDICA;MINERVA S A                                       
50655;JURÍDICA;J S DOS TEMPORIM COMERCIO DE LAVA LOUCAS PROFISS  
50292;JURÍDICA;PROLAT INDUSTRIA E COMERCIO LTDA.                 
50579;JURÍDICA;REFRIGERACAO 5 ESTRELAS                           
50147;JURÍDICA;FROSINI INDUSTRIA E COM DE COSMETICO LTDA         
00546;JURÍDICA;CONSELHO ESCOLAR DE OITICICA                      
50531;JURÍDICA;J ALVES E OLIVEIRA LTDA.                          
00149;JURÍDICA;BENEDITO SOARES DE SOUSA ME                       
50169;JURÍDICA;GRANDE MOINHO CEARENSE S.A.                       
0000;NAO INFO;NAO INFORMADO                                     
50154;JURÍDICA;ECON IND. E COM. DE PROD DE HIGIENE E LIMPEZA LTDA
50400;JURÍDICA;GENERAL MILLS BRASIL ALIMENTOS LTDA - FOR         
00309;JURÍDICA;COLEGIO MILITAR DE FORTALEZA                      
00343;JURÍDICA;FUNDO ESTADUAL DE SAUDE/4ª CRES DE BATURITE       
00599;JURÍDICA;UNIVERSIDADE REGIONAL DO CARIRI                   
00349;JURÍDICA;COMPANHIA CEARENSE DE TRANSP. METROPOLITANOS      
00079;JURÍDICA;PREFEITURA MUNICIPAL DE PARAIPABA                 
00616;JURÍDICA;SUP. SISTEMA ESTADUAL DE ATEND SOCIOEDUCATIVO SEAS
00453;JURÍDICA;CONS. ESC. DA ESCOLA MUNIC. ATO. DE PAULA GALVAO  
50217;JURÍDICA;ESTAR BEM DISTRIBUIDORA DE ALIMENTOS LTDA         
00334;JURÍDICA;TERRALUZ VEICULOS E PECAS LTDA.                   
50040;JURÍDICA;COMERCIAL CATOLENSE                               
00469;JURÍDICA;ESTRELA SUPERMERCADO LTDA.                        
00491;JURÍDICA;CONS. ESC. DA ESC. DE 1º GRAU RAIMUNDO J. DO VALE 
00393;JURÍDICA;EMPRESA BRASILEIRA DE DISTRIBUICAO LTDA.          
00433;JURÍDICA;WILTON CORREIA LIMA NETO - EPP                    
50322;JURÍDICA;JOMAFI VEICULOS E ACESSORIOS LTDA                 
00222;JURÍDICA;CENTRO INTEGRADO DE DIABETES E HIPERTENCAO CIDH.  
00078;JURÍDICA;SENAI-DEPARTAMENTO REGIONAL DO CEARA-CEMEP AUA.   
00346;JURÍDICA;SODEXHO DO BRASIL COMERCIAL LTDA.                 
50686;JURÍDICA;STYLUS COMERCIO E IND DE MOVEIS LTDA ME           
50409;JURÍDICA;CDA COMPANHIA DE DISTRIBUICAO ARAGUAIA            
00423;JURÍDICA;MIAMI COMERCIAL E TECNICA LTDA.                   
50479;JURÍDICA;M2 INDÚSTRIA E COMÉRCIO DE CARNES LTDA ME         
00019;JURÍDICA;SECRETARIA MUNICIPAL DE DESENVOLVIMENTO SOCIAL- FM
50333;JURÍDICA;DIGITAL SOM COMERCIAL DE INSTRUMENTOS MUSIC. LTDA 
00168;JURÍDICA;VILA GALE - CINTRA (BRASIL)  LTDA.                
00586;JURÍDICA;INSTITUTO DE PLANEJAMENTO DE FORTALEZA            
50163;JURÍDICA;BIOSEV S.A                                        
00129;JURÍDICA;PREFEITURA MUNICIPAL DE BELA CRUZ                 
00405;JURÍDICA;UNIVERSIDADE FEDERAL DO RIO GRANDE DO NORTE       
50722;JURÍDICA;JJ DISTRIBUIDORA DE ALIMENTOS E SRVIÇOS LTDA EPP  
50278;JURÍDICA;WORLD PELL COM DE PAPEIS LTDA                     
00234;JURÍDICA;LEVEL AD. E CONSULTORIA HOTELEIRA S/C LTDA.       
00509;JURÍDICA;RM COMERCIO VAREJISTA DE PAPELARIA LTDA EPP       
50706;JURÍDICA;R M C COMÉRCIO E REPRESENTAÇÕES LTDA              
00030;JURÍDICA;POSTO DE ASSISTENCIA MEDICA DO MEIRELES           
00525;JURÍDICA;PREFEITURA MUNICIPAL DE GUARAMIRANGA              
50590;JURÍDICA;CDMAX SOL FIL 04                                  
00023;JURÍDICA;HOSPITAL INFANTIL DR. ALBERT SABIN - HIAS         
00550;JURÍDICA;SECRETARIA DA PESCA E AQUICULTURA - SPA           
50222;JURÍDICA;COTHERPACK IND. E COM. DE EMBALAGENS LTDA.        
50037;JURÍDICA;J. A. DISTRIBUIDORA                               
00448;JURÍDICA;DIMAIA'S COMERCIAL LTDA.                          
50283;JURÍDICA;CAVALCANTE COM. E REPRE. DE ALIMENTOS LTDA        
50326;JURÍDICA;BOUTIQUE DAS AGUAS COMERCIAL LTDA                 
00068;JURÍDICA;FUNDACAO NACIONAL DE SAUDE                        
00283;JURÍDICA;GORLICH & CIA.                                    
00533;JURÍDICA;ACADEMIA ESTADUAL DE SEGURANCA PUBLICA - AESP     
50406;JURÍDICA;NOVELTY LIVROS PAPEIS E BRINQ. PEDAGOGICOS LTDA.  
50062;JURÍDICA;FUCHS GEWURZE DO BRASIL LTDA.                     
00133;JURÍDICA;ATLANTICA HOTEIS INTERNATIONAL BRASIL LTDA.       
00277;JURÍDICA;PREFEITURA MUNICIPAL DE QUIXELO                   
00210;JURÍDICA;COOR. NACIONAL ESTADUAL DO DNOCS NO CEARA         
00251;JURÍDICA;NAVIO OCEANOGRAFICO ANTARES                       
50090;JURÍDICA;TANY COMÉRCIO DE PRODUTOS ALIMENTÍCIOS KUKA LTDA  
00345;JURÍDICA;GRAN PARTNER ADMINISTRACAO HOTELEIRA LTDA.        
00575;JURÍDICA;CENTRO DE EDUCACAO INFANTIL AMOR E VIDA           
50652;JURÍDICA;FROSTY PRODUTOS ALIMENTÍCIOS LTDA                 
50571;JURÍDICA;BRADESCO AUTO RE                                  
50312;JURÍDICA;ANTONIO RIVADAVIO TEIXEIRA MOREIRA                
00115;JURÍDICA;PREFEITURA MUNICIPAL DE IBIAPINA                  
50432;JURÍDICA;MARIA NEUMA SALES DINIZ BARROSO                   
00431;JURÍDICA;UNIVERSIDADE FEDERAL DO CEARA/HUWC.               
00012;JURÍDICA;SECRETARIA DA CULTURA DO ESTADO DO CEARA          
00239;JURÍDICA;NACIONAL GAS BUTANO DISTRIBUIDORA LTDA.           
50644;JURÍDICA;CSL COM E REP DE ALIMENTOS LTDA                   
50663;JURÍDICA;SIND. INTER.MUN.TRAB.COM.HOTELEIRO SIM.TUR.HOSP.ES
00119;JURÍDICA;NUTRINE - NUTRIMENTOS NORDESTE LTDA.              
50331;JURÍDICA;ROSELI PENA  BATISTA MICROEMPRESA                 
00034;JURÍDICA;INST. DE SAUDE DOS SERVIDORES DO ESTADO DO CE.    
50471;JURÍDICA;ABC INDUSTRIA E COMERCIO SA - ABC INCO            
50576;JURÍDICA;BLC IND E COM PECAS PARA REFRIGERACAO             
50185;JURÍDICA;NORDESTE PARTICIPAÇÕES LTDA                       
50188;JURÍDICA;JOAO VELEIRO MERCEARIA E PEIXARIA LTDA.           
50266;JURÍDICA;COMERCIAL RABELO SOM & IMAGEM LTDA                
00198;JURÍDICA;CONDOMINIO EDIFICIO VIRGILIO FIRMEZA              
00298;JURÍDICA;SECRETARIA DE TURISMO DE FORTALEZA - SETFOR       
50054;JURÍDICA;G W COMERCIO E SERVICOS LTDA                      
00282;JURÍDICA;PREFEITURA MUNICIPAL DE URUBURETAMA               
00143;JURÍDICA;PARDAL INDSTRIA E COMERCIO DE SORVETES LTDA - EPP 
50273;JURÍDICA;MR LISIEUX INDUSTRIA E COMERCIO DE ALIMENTOS LTDA 
00124;JURÍDICA;PREFEITURA MUNICIPAL DE SANTANA DO ACARAU         
50481;JURÍDICA;TNT MERCURIO                                      
50323;JURÍDICA;ARMAZEM J & J LTDA                                
50651;JURÍDICA;JOSE OSMAR FERNANDES JUNIOR SENEANTES ME          
50143;JURÍDICA;CONIEXPRESS S/A INDUSTRIA ALIMENTICIA             
50193;JURÍDICA;SIQUEIRA GURGEL S.A. COM. E IND.                  
50557;JURÍDICA;TELEMAR NORTE LESTE S/A                           
00436;JURÍDICA;SADIA S/A.                                        
00559;JURÍDICA;INSTITUTO FEDERAL DO CEARA/CAMPUS FORTALEZA       
50558;JURÍDICA;BANCO VOLKSWAGEN S.A.                             
00344;JURÍDICA;GRAN PARTNER ADMINISTRACAO HOTELARIA LTDA.        
50031;JURÍDICA;NORDESTE ESTOPAS E EQUIPAMENTOS INDUSTRIAIS LTDA  
50632;JURÍDICA;RARISNEIDE DA SILVA MAIA - ME                     
50135;JURÍDICA;MINERADORA DE ÁGUA LÍMPIDA LTDA                   
50027;JURÍDICA;M. DIAS BRANCO S. A. INDUSTRIA E COM. DE ALIMENTOS
50383;JURÍDICA;S DOS SANTOS SILVA                                
00264;JURÍDICA;CONFIDENCE CORRETORA DE CAMBIO S/A.               
00262;JURÍDICA;AGENCIA REG. DE SERV. PUB. DELEGADOS DO EST. DO CE
00314;JURÍDICA;NAVIO TRANSPORTE DE TROPAS ARI PARREIRAS          
50395;JURÍDICA;HERNANDEZ & SOARES IND. E COM. DE EMBALAGENS PLAST
50701;JURÍDICA;OPÇÃO DIST DE ALIMENTOS E BEBIDAS LTDA            
50006;JURÍDICA;AMERICA DO SUL DISTRIBUIDORA DE ALIMENTOS LTDA    
60004;FÍSICA  ;SONIA MARIA MATTOS FACANHA                        
00503;JURÍDICA;ALNOR ALIM. E SERV. DE ADM. DE RESTAURANTES LTDA. 
50552;JURÍDICA;ENEL                                              
00579;JURÍDICA;RIVANIA LEONARDO SOUZA VIEIRA EPP                 
00603;JURÍDICA;ACO ALUMINIO COML LTDA                            
50061;JURÍDICA;GB FOOD SERVICE DISTRIBUIDORA E COM DE ALIMENTOS  
00557;JURÍDICA;INST. DE DESENV. INSTITUCIONAL DAS CIDADES DO CE. 
50596;JURÍDICA;FORTFOOD IMPORT EXPORT ALIMENTOS LTDA ME          
00067;JURÍDICA;TRIBUNAL REGIONAL DO TRABALHO DA 7º REGIAO        
50704;JURÍDICA;FIDC                                              
50464;JURÍDICA;FRANCISCO C. LIMA - ATACADAO DO ALIMENTO          
50449;JURÍDICA;FONTINELE & ALBUQUERQUE LTDA                      
50536;JURÍDICA;BARREIRA SUCOS INDUSTRIA E COMÉRCIO LTDA          
00122;JURÍDICA;SECRETARIA EXECUTIVA REGIONAL IV                  
00275;JURÍDICA;DELEGACIA REGIONAL DO INPI NO CEARA               
50284;JURÍDICA;NATURAL INDUSTRIA E COMERCIO DE ALIMENTOS LTDA    
50725;JURÍDICA;FE BRAGA MACHADO ME                               
00516;JURÍDICA;INSTITUTO DE PESOS E MEDIDAS DE FORTALEZA         
00508;JURÍDICA;CONS. ESC. DA ESCOLA MUNICIPAL GERMANO JOSE DO N. 
50337;JURÍDICA;DONIZETE DIST. DE ALIMIMENTOS LTDA - MATRIZ       
00167;JURÍDICA;PREFEITURA MUNICIPAL DE ACARAU                    
50347;JURÍDICA;EDGAR ANTONIO DA ROCHA                            
50447;JURÍDICA;COMERCIAL RAMIRES LTDA                            
50703;JURÍDICA;M.A. FROTA & CIA LTDA                             
00225;JURÍDICA;FUNDO MUN. DE DESENV. SOCIO ECONOMICO - FMDS.     
00505;JURÍDICA;FUNDO ESTADUAL DE SAUDE/18ª CRES - IGUATU.        
50633;JURÍDICA;BANCO SOFISA S/A                                  
00200;JURÍDICA;ORGANIZACAO G NEVES LTDA.                         
50495;JURÍDICA;OSWALDO CORADI                                    
50682;JURÍDICA;FACCHINI SA                                       
00052;JURÍDICA;HOSPITAL DISTRITAL DR. EVANDRO AYRES DE MOURA     
50636;JURÍDICA;JOSÉ EDSON DONATO SILVA JÚNIOR                    
00263;JURÍDICA;CEO RODOLFO TEOFILO                               
00363;JURÍDICA;MB EMPREENDIMENTOS HOTELEIROS E TURISTICOS S/A.   
00004;JURÍDICA;OPERACAO FORTALEZA - OPEFOR                       
00499;JURÍDICA;FUNDO MUNICIPAL DE SAUDE DE PARAIPABA             
00025;JURÍDICA;HOSPITAL SAO JOSE DE DOENCAS INFECCIOSAS          
50676;JURÍDICA;BANCO SAFRA                                       
50070;JURÍDICA;RAVA EMBALAGENS INDUSTRIA COMERCIO LTDA.          
00416;JURÍDICA;SEARA ALIMENTOS S.A.                              
00480;JURÍDICA;CONS. ESC. DA ESCOLA MUNICIPAL JOSE DE ANCHIETA   
50218;JURÍDICA;COMERCIAL BASTOS CAVALCANTE DE CEREAIS E RACOES   
00028;JURÍDICA;FUNDACAO UNIVERSIDADE ESTADUAL DO CEARA FUNECE    
00504;JURÍDICA;PERICIA FORENSE DO ESTADO DO CEARA                
00208;JURÍDICA;LUNA - SERVICOS COMERCIO E REPRESENTACOES LTDA.   
00044;JURÍDICA;EMPRESA DE ASSIST. TECN. E EXTENSAO RURAL DO CE   
50190;JURÍDICA;FAMILHO IND. COM. EXP. E IMP. DE PROD. ALIMENTICIO
50038;JURÍDICA;BALI DISTRIBUIDORA DE ALIMENTOS LTDA.             
50724;JURÍDICA;FILIZOLA                                          
50564;JURÍDICA;EMBRATEL                                          
50137;JURÍDICA;BOEHRINGER INGELHEIM DO BRASIL QUIM. E FARM. LTDA 
00580;JURÍDICA;SECRETARIA MUNICIPAL DE SEGURANCA CIDADA - SESEC. 
50256;JURÍDICA;D & D TEMPEROS CASEIROS LTDA                      
50343;JURÍDICA;IMPORTADORA OTIL LTDA                             
50206;JURÍDICA;PREFEITURA MUNICIPAL DE APUIARÉS                  
50718;JURÍDICA;HORIZONTE IND. E COM. DE ALIMENTO LTDA ME         
00530;JURÍDICA;COMPANHIA DE AGUA E ESGOTO DO CEARA CAGECE        
50158;JURÍDICA;SUPERFRIO DISTRIBUIDORA DE ALIMENTOS LTDA         
50036;JURÍDICA;TECNOQUÍMICA INDÚSTRIA E COMÉRCIO LTDA            
50677;JURÍDICA;KITCHENWARE COM. IMP. EXP. LTDA                   
00335;JURÍDICA;EDIFICIO IVAN BEZERRA DE MENEZES                  
00237;JURÍDICA;PRAIA CENTRO HOTEIS, VIAGENS E TURISMO LTDA.      
50226;JURÍDICA;ONDUNORTE CAIXA E PAPEL DA PARAIBA S/A.           
50134;JURÍDICA;BR COMERCIO DE GLP LTDA                           
00026;JURÍDICA;FUNDO ESPECIAL DA POLICIA MILITAR DO CEARA        
50565;JURÍDICA;EGEIROS EDUCACIONAL LTDA ME                       
00568;JURÍDICA;M. KARBAGE DISTRIBUIDORA DE MIUDEZAS LTDA.        
50554;JURÍDICA;CERTUS DISTRIB, IMPORT, COMER E SERVIC LTDA ME    
00434;JURÍDICA;CORVETA CABOCLO                                   
50520;JURÍDICA;EDMILSON SILVA DE MENESES                         
00410;JURÍDICA;IBIAPABA DISTRIBUIDORA DE ALIMENTOS LTDA.         
50456;JURÍDICA;H I COMERCIO DE PETROLEO LTDA                     
00230;JURÍDICA;MITRA - ARQUIDIOCESANA DE FORTALEZA               
00291;JURÍDICA;CONDOMINIO DO EDIFICIO CASA DA INDUSTRIA          
50077;JURÍDICA;GUILHERME HOLANDA QUEIROZ E CIA. LTDA.            
50073;JURÍDICA;NATU SUCO NORDESTE LTDA                           
00425;JURÍDICA;DISTRIBUIDORA DE COSMETICOS DO CEARA LTDA.        
00336;JURÍDICA;ASFALTO NORDESTE LTDA.                            
00337;JURÍDICA;TEXTIL ROSSINE DO BRASIL LTDA.                    
50171;JURÍDICA;KARIPLAST IND. COM. DE PLASTICOS LTDA - EPP       
50344;JURÍDICA;PUREZA INDUSTRIA E COMERCIO                       
00412;JURÍDICA;PROG. DE ASSIST. A SAUDE DOS SERV. DO MUN. DE FORT
50223;JURÍDICA;CLAUDIA GOMES MALAGUETA - ME.                     
50664;JURÍDICA;SIND. DO COM. ATACADISTA  GÊNEROS ALIMENTÍCIOS CE 
00354;JURÍDICA;CASA MAGALHAES COM. E REP. LTDA.                  
00301;JURÍDICA;AUTARQUIA REG. FISC. E CONT. SER. PUB. DE SAN. AMB
00527;JURÍDICA;SECRETARIA DO DESENVOLVIMENTO AGRARIO - SDA       
50551;JURÍDICA;MAPFRE SEGUROS GERAIS SA                          
00179;JURÍDICA;INST. MUNIC. DE PESQUISAS, ADMIN. E REC. HUMANOS  
00320;JURÍDICA;SECRETARIA DOS RECURSOS HIDRICOS                  
50459;JURÍDICA;TELEVOX COMERCIAL DE ELETRODOMESTICOS LTDA-ME     
50280;JURÍDICA;RAIMUNDO RUFINO PAIVA - ME                        
50513;JURÍDICA;MARCOS ANTONIO CARNEIRO                           
00059;JURÍDICA;TRIBUNAL REGIONAL ELEITORAL DO CEARA              
00189;JURÍDICA;PREFEITURA MUNICIPAL DE PACAJUS                   
00570;JURÍDICA;PROCURADORIA GERAL DE JUSTICA                     
50502;JURÍDICA;AGO ALVES - AGO                                   
50176;JURÍDICA;MAXCLEAN COM. DE PRODUTOS DE LIMPEZA LTDA.        
50628;JURÍDICA;MINASGÁS S.A. INDÚSTRIA E COMÉRCIO                
50442;JURÍDICA;CAMAQUA ALIMENTOS S/A FORTALEZA                   
00490;JURÍDICA;F F SILVEIRA DE ALMEIDA                           
50258;JURÍDICA;Z.V. COMERCIAL DE ALIMENTOS LTDA                  
50099;JURÍDICA;ANA PAULA GOMES                                   
00333;JURÍDICA;CONSELHO ESTADUAL DE DESENV. ECONOMICO            
50653;JURÍDICA;FRANCISCO DA SILVEIRA ROCHA                       
00242;JURÍDICA;ROSILEI DE FATIMA SEFFRIN - EPP                   
50662;JURÍDICA;GRANJA BRASILEIRA AGROINDUSTRIAL AVICOLA LTDA     
50627;JURÍDICA;NET SERVIÇOS DE COMUNICAÇÕES S.A                  
50138;JURÍDICA;RAIMUNDO GUILHERME FERREIRA LOPES                 
00142;JURÍDICA;GERENCIA REG. DE AD. DO MINIST. DA FAZENDA NO CE. 
50244;JURÍDICA;DISC COMERCIAL DE ALIMENTOS LTDA                  
50501;JURÍDICA;ISHASHI DO BRASIL                                 
00391;JURÍDICA;FUND. CEARENSE DE APOIO AO DESENV. CIENT. TECNOLG.
50665;JURÍDICA;AUTO PECAS CAMPINA GRANDE LTDA                    
00050;JURÍDICA;SERVICO SOCIAL DA INDUSTRIA - SESI                
50083;JURÍDICA;ALUMINIC INDUSTRIA S.A.                           
00290;JURÍDICA;PREFEITURA MUNICIPAL DE CAUCAIA                   
00394;JURÍDICA;ILPISA - IND. DE LATIC. PALMEIRA DOS INDIOS S/A.  
50460;JURÍDICA;DRICOS MOVEIS E ELETRO LTDA                       
50186;JURÍDICA;C A CARBONI & COSTA LTDA                          
00178;JURÍDICA;MUNICIPIO DE JAGUARUANA                           
00524;JURÍDICA;COMPANHIA DE DESENVOLVIMENTO DO CEARA - CODECE    
50303;JURÍDICA;RELPI INDUSTRIA DE ALIMENTOS LTDA                 
50420;JURÍDICA;SANDRA LIMA DE ALMEIDA- EPP                       
00213;JURÍDICA;OCS - MINERACAO E EMPREENDIMENTOS LTDA - EPP      
00212;JURÍDICA;PREFEITURA MUNICIPAL DE CHORO                     
00330;JURÍDICA;CLEAN SERVICE TERCERIZACAO DE MAO DE OBRA LTDA.   
00018;JURÍDICA;PREFEITURA MUNICIPAL DE PARACURU                  
50690;JURÍDICA;BENFICA FUNDO DE INVEST EM DIREITOS CRED          
00022;JURÍDICA;HOSPITAL GERAL DE FORTALEZA - SUS                 
50364;JURÍDICA;SOLUC  AUT.COM. DE COMBUSTIVEIS, SERV E REP. LTDA 
50533;JURÍDICA;COMVAP AÇUCAR E ALCOOL LTDA                       
50140;JURÍDICA;COMERCIAL DE MIUDEZAS FREITAS LTDA                
50094;JURÍDICA;INDUSTRIA DE DOCES E MASSAS ALIMENTICIAS LTDA     
00169;JURÍDICA;PREFEITURA MUNICIPAL DE ITAPAJE                   
00192;JURÍDICA;SECRETARIA EXECUTIVA REGIONAL I                   
00483;JURÍDICA;J C CALOU - ME                                    
50166;JURÍDICA;SOBRAL INVICTA S/A.                               
50539;JURÍDICA;AVENORTE - AVICOLA CIANORTE LTDA.                 
50294;JURÍDICA;CONS. ESCOLAR DA ESCOLA MUN. JOSE CORDEIRO        
50041;JURÍDICA;IMPORTADORA E EXPORTADORA DE ALIMENTOS STILLO LTDA
00280;JURÍDICA;FUNDACAO EDSON QUEIROZ                            
50374;JURÍDICA;DE MARCHI COMER. IMPORT. E EXPORT. DE HORTIFRUTIG.
00310;JURÍDICA;CENTRO DE REF. NACIONAL EM DERMATOLOGIA SANIT.    
50580;JURÍDICA;WHIRLPOOL ELETRODOMESTICOS AM S.A                 
50219;JURÍDICA;AGRO INDUSTRIA PARATI LTDA                        
50623;JURÍDICA;NORFRISA DIST. DE ALIM. LTDA                      
00534;JURÍDICA;DEPARTAMENTO DE ARQUITETURA E ENGENHARIA          
00619;JURÍDICA;OMEGA DISTRIBUIDORA DE PRODUTOS ALIMENTICIOS LTDA 
00482;JURÍDICA;CONS. ESC. DA ESC. DE 1º GRAU JOAQUIM NUNES VIEIRA
50619;JURÍDICA;ANA HERMILA DE ANDRADE PESSOA                     
00624;JURÍDICA;CAVALCANTE COM. E REPRE. DE ALIMENTOS LTDA.       
50212;JURÍDICA;OMEGA DIST. DE PRODUTOS ALIMENTICIOS LTDA.        
50225;JURÍDICA;CANTEGRIL COM.IMPORTADORA LTDA - EPP              
50431;JURÍDICA;MASTER DISTRIBUIDORA DE ALIMENTOS LTDA            
00592;JURÍDICA;COMPANHIA ADMIN. DA ZONA DE PROCES. DE EXP. DO CE.
50681;JURÍDICA;ARCOPY COMÉRCIO DE EQUIPAMENTOS PARA ESCRITÓRIO   
00424;JURÍDICA;10° DEPOSITO DE SUPRIMENTO                        
00195;JURÍDICA;SECRETARIA DE DESENVOLVIMENTO ECONOMICO           
50204;JURÍDICA;PREFEITURA MUNICIPAL DE CATUNDA                   
50049;JURÍDICA;JOAO SANTOS NOGUEIRA                              
00541;JURÍDICA;INSTITUTO NACIONAL DO SEGURO SOCIAL - INSS        
50707;JURÍDICA;TUTTI LOCAÇÃO DE EQUIPAMENTOS LTDA EPP            
00367;JURÍDICA;AGRO INDUSTRIAL PARATI LTDA.                      
00161;JURÍDICA;ATLANTICA HOTELS INTERNATIONAL BRASIL LTDA.       
00540;JURÍDICA;SUPERINTENDENCIA DE OBRAS HIDRAULICAS             
50100;JURÍDICA;BOMPRECO S.A. SUPERMERCADOS DO NORDESTE           
00287;JURÍDICA;PREFEITURA MUNICIPAL DE PINDORETAMA               
00376;JURÍDICA;LIDIANE MARQUES CASTRO ME.                        
50285;JURÍDICA;ARTE FACIL COMERCIO DE PRODUTOS PARA ARTESANATO   
50240;JURÍDICA;ANA SOFIA ROCHA HISSA                             
00581;JURÍDICA;SERVICO SOCIAL DO COMERCIO - SESC - AR. CE.       
00111;JURÍDICA;PREFEITURA MUNICIPAL DE TIANGUA                   
50387;JURÍDICA;MIRIAN RABELO SOMBRA ME                           
00284;JURÍDICA;NICOLAS BARREIRA GONZALES                         
50295;JURÍDICA;DIBRAS-DISTRIBUIDORA DE PROD. DE LIMPEZA LTDA     
50673;JURÍDICA;BRASIL COMÉRCIO E SERVIÇO - EPP                   
50491;JURÍDICA;CIALNE INDUSTRIA DE ALIMENTOS S/A                 
50642;JURÍDICA;ASSAÍ ATACADISTA                                  
00554;JURÍDICA;DISTRIFORT - DISTRIB DE PROD ALIM  EQUIP LTDA     
00384;JURÍDICA;NESTLE BRASIL LTDA.                               
50102;JURÍDICA;ROSANGELA DE OLIVEIRA MACIEL ME                   
50402;JURÍDICA;RAFIA COMERCIO DE EMBALAGENS LTDA.                
00217;JURÍDICA;EMPRESA CENTRO DE INCENTIVO A VIDA                
00071;JURÍDICA;SENAI- DEPARTAMENTO REGIONAL DO CEARA-DR/CE       
50461;JURÍDICA;DANNA RABELO DE MENEZES                           
00422;JURÍDICA;SELLENE COMERCIO E REPRESENTACOES LTDA.           
50011;JURÍDICA;INDUSTRIA DE PRODUTOS DE LIMPEZA DUPOVO LTDA      
50241;JURÍDICA;ANTONIO VANDER ALMEIDA VIEIRA - EPP               
00114;JURÍDICA;PREFEITURA MUNICIPAL DE BATURITE                  
50196;JURÍDICA;JALES MACHADO S.A.                                
50678;JURÍDICA;FRIGORIFICO VALPEX IND. E COM. DE PESCADOS EIRELI 
50235;JURÍDICA;C & F COMERCIO E DISTRIBUIDORA DE AGUA LTDA.      
00461;JURÍDICA;CONS. ESC. DA ESC. 1º GRAU JUVENAL SOMBRA COLACO  
50332;JURÍDICA;ADRIANA PINHEIRO FERREIRA DE MELO- ME             
50159;JURÍDICA;EMPRESA BRASILEIRA DE BEBIDAS E ALIMENTOS S/A     
50128;JURÍDICA;MARATÁ INDÚSTRIA DE COPOS LTDA                    
50001;JURÍDICA;F P FACANHA                                       
00351;JURÍDICA;SECRETARIA MUNICIPAL DE ASSISTENCIA SOCIAL - SEMAS
50493;JURÍDICA;IMPERIAL COM. DE ACESSORIOS DE VEIC. LTDA         
00629;JURÍDICA;I. V. L. INDUSTRIA VIEIRA LTDA.                   
00182;JURÍDICA;MARIE ANNE GIRAO N. MONTEIRO -  ME                
00063;JURÍDICA;SERVICO SOCIAL DA INDUSTRIA - SESI.               
00188;JURÍDICA;GUARDA MUNICIPAL DE FORTALEZA                     
00632;JURÍDICA;UNIDADE EXECUTORA ABDON DANTAS DE ALMEIDA         
00105;JURÍDICA;PREFEITURA MUNICIPAL DE MARACANAU                 
50585;JURÍDICA;N N COMERCIAL DE FRIOS LTDA                       
50142;JURÍDICA;FAMERT COMERCIO E REPRESENTACOES LTDA             
50463;JURÍDICA;ERMILSON DO CARMO VICTOR                          
50603;JURÍDICA;CARTÓRIO FORTALEZA                                
50029;JURÍDICA;BRASFRIGO S/A                                     
50047;JURÍDICA;COOP. AGRÍCOLA MISTA DE MARANGUAPE LTDA           
50215;JURÍDICA;SOBRAL & PALACIO ( PETROLEO ) LTDA.               
00293;JURÍDICA;FB COMERCIO DE ALIMENTOS E SERVICOS LTDA.         
00211;JURÍDICA;FUNDACAO DE CULTURA ESPORTE E TURISMO             
00404;JURÍDICA;COOPERATIVA CENTRAL DOS PROD. RURAIS DE MG LTDA.  
50622;JURÍDICA;APOLO OBJETOS DE ARTES LTDA EPP                   
00562;JURÍDICA;CONS. ESC. DA E. M. FCO. CORREIA LIMA DE ENS. FUND
00002;JURÍDICA;INSTITUTO DR. JOSE FROTA - IJF                    
50656;JURÍDICA;D.E.F. TAMIARANA PESCADOS - ME                    
50597;JURÍDICA;REGINA ALIMENTOS S.A                              
00005;JURÍDICA;UNIVERSIDADE FEDERAL DO CEARA - UFC               
50683;JURÍDICA;ARAGUAYA FOMENTO FACTORING MERCANTIL LTDA         
00477;JURÍDICA;CONS. ESC. DA ESC. MUN. SAGRADO CORACAO DE JESUS  
50647;JURÍDICA;STALO COMÉRCIO DISTRIBUIÇÃO E REPRESENTAÇÕES LTDA 
50526;JURÍDICA;CASABLANCA                                        
50566;JURÍDICA;BANCO MERCEDES-BENZ DO BRASIL S/A                 
00332;JURÍDICA;CONS. DE POLITICAS E GESTAO DO MEIO AMBIENTE      
00485;FÍSICA  ;MARCIO LOYOLA BARROS LEITE                        
50127;JURÍDICA;MARIZA IND. E COM. DA AMAZONIA LTDA.              
50649;JURÍDICA;MINISTÉRIO DA FAZENDA                             
00299;JURÍDICA;SECRETARIA DO TRAB. E DESENVOLVIMENTO SOCIAL/STDS 
00369;JURÍDICA;JOÃO W TEIXEIRA- ME                               
50229;JURÍDICA;ICANE IND. E COM. DE ALIMENTOS LTDA.              
00031;JURÍDICA;LABORATORIO CENTRAL DE SAUDE PUBLICA              
50485;JURÍDICA;RM DE ALMEIDA ASSIS MAGALHAES                     
00281;JURÍDICA;ESMALTEC S/A                                      
50407;JURÍDICA;CIL - COM. DE INFORMATICA LTDA.                   
50371;JURÍDICA;CLA- CAMA, MESA E BANHO                           
50388;JURÍDICA;ANTONIA SELMA AGUIAR PARENTE                      
50503;JURÍDICA;NJF INDUSTRIA E COMERCIO LTDA                     
50015;JURÍDICA;F NUNES COMERCIAL LTDA.                           
50203;JURÍDICA;PREFEITURA MUNICIPAL DE SÃO JOÃO DO JAGUARIBE     
50249;JURÍDICA;CECOMIL COMERCIO E SERVIÇOS LTDA                  
50035;JURÍDICA;S B INDÚSTRIA E COMÉRCIO DE PRODUTOS CASEIROS LTDA
50516;JURÍDICA;IBYTE                                             
50232;JURÍDICA;MEGA PLASTICOS COMERCIO LTDA.                     
00085;JURÍDICA;SECRETARIA DO ESPORTE DO ESTADO DO CE.            
50509;JURÍDICA;PRINCESA DISTRIBUIDORA DE ÁGUAS                   
50366;JURÍDICA;COMERCIAL CACHOEIRA LTDA                          
50325;JURÍDICA;FRANCISCO IZAQUE DE SOUZA TRANSPORTES             
50022;JURÍDICA;UAI ATACADISTA LTDA                               
50118;JURÍDICA;INDUSTRIAS REUNIDAS RAYMUNDO DA FONTE S.A.        
50413;JURÍDICA;ESTOK COMERCIO E REPRESENTACOES LTDA              
50507;JURÍDICA;SALT INFORMÁTICA LTDA ME                          
50573;JURÍDICA;LIDER COMERCIAL DE ALIMENTOS LTDA                 
50017;JURÍDICA;INDUSTRIAS ALIMENTICIAS MARATA LTDA - FLA         
00257;JURÍDICA;SUPORTE COMERCIAL DE EQUIP. E ALIM. LTDA.         
50263;JURÍDICA;DISTRIBUIDORA CEARENSE DE LIVROS LTDA             
00134;JURÍDICA;PREFEITURA MUNICIPAL DE MULUNGU                   
00148;JURÍDICA;PREFEITURA MUNICIPAL DE QUIXADA                   
00216;JURÍDICA;10º DEPOSITO DE SUPRIMENTO                        
50426;JURÍDICA;LW AGROPECUARIA E INDUSTRIAL LTDA                 
50699;JURÍDICA;NETUNO ALIMENTOS LTDA                             
00226;JURÍDICA;CSN CENTRO DE SERV. DE RASTREAMENTO DO NORDESTE   
50437;JURÍDICA;FENIX INDUSTRIA E COMERCIO DE MOVEIS LTDA         
50712;JURÍDICA;AZUL COMPANHIA DE SEGUROS GERAIS                  
50408;JURÍDICA;EFEGE ARMAZ TRANSP. CARGAS E ADM. DE BENS         
50202;JURÍDICA;PREFEITURA MUNICIPAL DE GROAÍRAS                  
00501;JURÍDICA;SOCIEDADE BENEFICIENTE SAO CAMILO                 
00356;FÍSICA  ;JOSE EVANDRO DE HOLANDA CUNHA                     
50157;JURÍDICA;SODINE SOC. DISTRIBUIDORA DO NORDESTE LTDA.       
00117;JURÍDICA;PABLO LIMA DOS SANTOS                             
00286;JURÍDICA;PREFEITURA MUNICIPAL DE MORRINHOS                 
00154;JURÍDICA;PREFEITURA MUNICIPAL DE IRAUCUBA                  
00496;JURÍDICA;WILKA & PONTE LTDA.                               
50587;JURÍDICA;MARIA HELENA OLIVEIRAPRADO                        
50635;JURÍDICA;CONDUZIR CONSULTORIA EM GESTAO EMPRESARIAL        
00199;JURÍDICA;CONDOMINIO EDIFICIO JEAN PAUL SARTRE              
00295;JURÍDICA;FUND. CEARENSE DE METEOROLOGIA E REC. HIDRICOS    
50205;JURÍDICA;PREFEITURA MUNICIPAL DE CHOROZINHO                
50106;JURÍDICA;AGROCEL AGROPECUARIA CEARENSE LTDA                
00191;JURÍDICA;PREFEITURA MUNICIPAL DE ARATUBA                   
50072;JURÍDICA;DISTRIBUIDORA TAMAR LTDA                          
00594;JURÍDICA;SECRETARIA ESPECIAL DE POLITICAS SOBRE DROGAS     
00583;JURÍDICA;SERVICO SOCIAL DO COMERCIO - SESC - AR. CE.       
00443;JURÍDICA;COMANDO 10ª REGIAO MILITAR                        
00144;JURÍDICA;PREFEITURA MUNICIPAL DE PEDRA BRANCA              
50684;JURÍDICA;ARROZEIRA ADIB PEIXOTO LTDA                       
00261;JURÍDICA;CONTROLADORIA E OUVIDORIA GERAL DO ESTADO         
00471;JURÍDICA;CONS. ESCOLAR DA ESCOLA DE 1º GRAU URUAU          
00561;JURÍDICA;FUNDO MUNICIPAL DE ASSISTENCIA SOCIAL             
50208;JURÍDICA;SANY DO BRASIL IND. E COM. DE PROD. DE LIMP.      
50086;JURÍDICA;IPELSA INDUSTRIA DE CELULOSE E PAPEL DA PARAIBA S.
00315;JURÍDICA;BRASTOL ADMINISTRACAO DE HOTEIS E CONDOMINIOS LTDA
50629;JURÍDICA;URBI ENGENHARIA AMBIENTAL LTDA                    
50327;JURÍDICA;SERVIS ELETRONICA DEFENSE LTDA                    
00631;JURÍDICA;PARANOA DIST. DE PRODUTOS ALIM. EIRELI - EPP      
00064;JURÍDICA;SERVICO SOCIAL DA INDUSTRIA - SESI.               
00001;JURÍDICA;SECRETARIA DA ACAO SOCIAL - SAS.                  
00007;JURÍDICA;FUNDO ESTADUAL DE SAUDE                           
50345;JURÍDICA;M.G COMERCIO E SERVIÇOS DE REFRIGERAÇAO LTDA      
00056;JURÍDICA;FUNDO ESPECIAL DE REAP. E MOD. DO JUDICIARIO      
50729;JURÍDICA;CLAUDIO MACIEL GADELHA DA SILVA ME                
00563;JURÍDICA;FUNDO MUNICIPAL DE SAUDE DE TRAIRI                
50524;JURÍDICA;RABELO                                            
00218;JURÍDICA;SECRETARIA DA EDUCACAO DO ESTADO DO CEARA         
50433;JURÍDICA;MINAS-SUL COMERCIO DE ALIMENTOS LTDA              
00121;JURÍDICA;J MACEDO S/A.                                     
00591;JURÍDICA;CENTRAL DE LICITACOES DA PREFEITURA DE FORTALEZA  
00080;JURÍDICA;ALFANDEGA DO AEROPORTO INTERN. PINTO MARTINS      
50216;JURÍDICA;LEIDIANA MARIA DE LIMA SILVA                      
50392;JURÍDICA;MARIA CLOTILDE DO AMARAL LEITE DE SENA- EPP       
50438;FÍSICA  ;MARIA DE FATIMA GOMES SECUNDINO                   
50334;JURÍDICA;J. ALVES E OLIVEIRA LTDA                          
50276;JURÍDICA;JOSE AIRTON DE CARVALHO JUNIOR                    
00555;JURÍDICA;SUP. FEDERAL DE PESCA E AQUICULTURA NO CEARA      
00605;JURÍDICA;INST. DE ESTUDOS PESQUISAS E PROJ. DA UECE IEPRO  
00047;JURÍDICA;CENTRO DE HEMATOLOGIA E HEMOTERAPIA DO CEARA      
50024;JURÍDICA;USINA ESTIVAS S/A                                 
50660;JURÍDICA;ASSECONT TECNOLOGIA LTDA - EPP                    
50615;JURÍDICA;LAYDIANNE SANTOS DE ALBUQUERQUE                   
50488;JURÍDICA;R. CHAGAS E CIA LTDA FILIAL 1                     
00241;JURÍDICA;CAMARA MUNICIPAL DE FORTALEZA                     
50372;JURÍDICA;CASA FREITAS COMERCIO LTDA                        
50260;JURÍDICA;COMERCIAL RABELO SOM & IMAGEM LTDA                
00532;JURÍDICA;CONTROLADORIA GERAL DA DISCIPLINA                 
50643;JURÍDICA;FELIPE RABELO ME                                  
00032;JURÍDICA;SECRETARIA DA SEG. PUBLICA E DEFESA SOCIAL        
00203;JURÍDICA;AUTARQUIA DE URB. E PAISAG. DE FORTALEZA - URBFOR 
50486;JURÍDICA;PERFUMARIA ROSENTAL LTDA                          
50657;JURÍDICA;ANA DENISE VASCONCELOS REGO ME                    
00402;JURÍDICA;M & C COM. DE PROD. DE LIMPEZA E SERVICOS LTDA.   
50111;JURÍDICA;COMECE - COMERCIO E REPRESENTACOES LTDA           
50639;JURÍDICA;J SLEIMAN E CIA LTDA                              
00176;JURÍDICA;PREFEITURA MUNICIPAL DE GUAIUBA                   
50277;JURÍDICA;PEDRO GOMES GUIMARAES -EPP                        
00166;JURÍDICA;PREFEITURA MUNICIPAL DE CASCAVEL                  
00451;JURÍDICA;JOSAPAR - JOAQUIM OLIVEIRA S/A. PARTICIPACOES     
00465;JURÍDICA;LAYDE E ALEXANDRE COM. DE PAPELARIA LTDA. ME      
50339;JURÍDICA;ELAINE CRISTINA BEZERRA ME                        
50131;JURÍDICA;SOLMAR DISTRIBUIDORA DE ALIMENTOS LTDA.           
00543;JURÍDICA;CONSELHO ESCOLAR SAO SEBASTIAO                    
50672;JURÍDICA;BLL - BOLSA DE LICITAÇÕES E LEILÕES DO BRASIL     
00102;JURÍDICA;CASA MILITAR DO ESTADO DO CEARA                   
00152;JURÍDICA;JFIL TERCEIRIZACAO DE SERVICOS LTDA.              
00564;JURÍDICA;ALF RECEITA FEDERAL DO BRASIL PORTO DO PECEM      
50698;JURÍDICA;DANIEL G SANTOS                                   
00270;JURÍDICA;HOSPITAL MUNICIPAL DR. ARGEU BRAGA HERBSTER       
00255;JURÍDICA;M DIAS BRANCO IND. E COM. DE ALIMENTOS LTDA.      
00507;FÍSICA  ;ALEXSANDRE MATTOS FAÇANHA                         
00510;JURÍDICA;COMPANHIA DE HABITACAO DO CEARA                   
50109;JURÍDICA;INDUSTRIA FLORIDA LTDA                            
50132;JURÍDICA;S S BORGES COM IMPORTAÇÃO E EXPORTAÇÃO LTDA       
00173;JURÍDICA;SECRETARIA EXECUTIVA REGIONAL III                 
00205;JURÍDICA;CONDOMINIO EDIFICIO PORTE DES LILAS               
00267;JURÍDICA;INSTITUTO DE DESENVOLVIMENTO AGRARIO DO CE.       
00396;JURÍDICA;EMPRESA DE TECNOLOGIA DA INFORMACAO DO CEARA      
50429;JURÍDICA;J M DE MORAES                                     
50114;JURÍDICA;IBRAN INDUSTRIA BRASILEIRA DE ALIMENTOS NATURAIS  
50016;JURÍDICA;NESTLE BRASIL LTDA.                               
00602;JURÍDICA;SERVICO SOCIAL SO COMERCIO - SESC - AR. CE.       
50310;JURÍDICA;CANA INDUSTRIA E COMERCIO LTDA                    
50538;JURÍDICA;MECANO PACK EMBALAGENS LTDA SA                    
50641;JURÍDICA;SBX COMERCIO DE CARNES LTDA                       
00127;JURÍDICA;PREFEITURA MUNICIPAL DE TURURU                    
00010;JURÍDICA;INSTITUTO DE PREVENCAO DO CANCER DO CEARA         
50248;JURÍDICA;FRIGOESTRELA S/A                                  
50540;JURÍDICA;SEG PLAST IND. COM. DE EMB. PLASTICAS LTDA        
50591;JURÍDICA;PC DE SENA EPP                                    
50713;JURÍDICA;BARRA COMERCIAL DE CARNES LTDA                    
00302;JURÍDICA;23º BATALHAO DE CACADORES                         
50287;JURÍDICA;EDUARDO RIVELINO LOPES                            
00077;JURÍDICA;SENAI DEPARTAMENTO REGIONAL DO CEARA-CET-AFR      
50638;JURÍDICA;SOMA ADMINISTRAÇÃO DE CARTÕES S A                 
00596;JURÍDICA;HOSPITAL E MATERNIDADE DRA. ZILDA ARNS NEUMANN    
00571;JURÍDICA;FUNDO MUNICIPAL DE ASSISTENCIA SOCIAL DE TRAIRI   
50122;JURÍDICA;FRIBOI LTDA                                       
00429;JURÍDICA;COLOMBO ATACADO - SOC. DIST. DO NE. LTDA          
00020;JURÍDICA;DEPARTAMENTO ESTADUAL DE TRANSITO - DETRAN/CE     
00107;JURÍDICA;CONDOMINIO DO EDIFICIO SAINT MARTIN FLAT          
00247;JURÍDICA;COMERCIAL F J DE ESTIVAS E CEREAIS LTDA.          
50418;JURÍDICA;OFFICER DISTRIB. DE PRODUTOS DE INFORM. S/A       
50544;JURÍDICA;FRANSISCO DE ASSUNÇÃO ARAÚJO                      
50468;JURÍDICA;RENATO DE SOUZA MACENA                            
50613;JURÍDICA;F FRONNIELE P SILVA                               
50008;JURÍDICA;IDEAL - IND. E COM. DE PROD. DE LIMP. E COND. LTDA
00494;JURÍDICA;FORTALEZA SERVICOS DE BORDO LTDA.                 
00106;JURÍDICA;CENTRO DE PESQUISA E QUALIFICACAO TECNOLOGICA     
50300;JURÍDICA;RIVIANE BELCHIOR DE FREITAS - ME                  
50726;JURÍDICA;COOPERATIVA REGIONAL AGROPECUÁRIA SUL CATARINENSE 
50492;JURÍDICA;MALIBRU AGRO IND. DIST. IMPORTACAO S/A            
50659;JURÍDICA;USINA CENTRAL OLHO D'ÀGUA S/A                     
50711;JURÍDICA;ERGONOMICA                                        
00518;JURÍDICA;SECRETARIA MUNICIPAL DE DIREITOS HUMANOS          
00558;JURÍDICA;PREFEITURA MUNICIPAL DE CARIDADE                  
00488;JURÍDICA;WAGNER FAHD CARLOS - ME.                          
50589;JURÍDICA;FRANCISCO RICARDO MONTEIRO-ME                     
00388;JURÍDICA;MESCOL DISTRIBUIDORA DE ALIMENTOS LTDA.           
50545;JURÍDICA;BARRETOS DISTRIBUIDORA DE ALIMENTOS LTDA          
50262;JURÍDICA;RAFAEL & DANTAS LTDA                              
00535;JURÍDICA;IRMAOS FEITOSA VEICULOS LTDA                      
00495;JURÍDICA;BRASIL PROP. COM. DE PROPRIEDADES DE FERIAS LTDA. 
00258;JURÍDICA;PREFEITURA MUNICIPAL DE BEBERIBE                  
50640;JURÍDICA;DAYHOME COMERCIAL EIRELLI                         
50548;JURÍDICA;GLOBAL DISTRIBUIÇÃO DE ALIMENTOS LTDA             
00308;JURÍDICA;CARMEHIL COMERCIAL ELETRICA LTDA.                 
00323;JURÍDICA;CONSELHO ESTADUAL DE EDUCACAO                     
00357;FÍSICA  ;WAGNER FAHD CARLOS                                
00177;JURÍDICA;SEC. MUN. DE DEFESA DO CONSUMIDOR PROCON FORTALEZA
00352;JURÍDICA;BANCO BRADESCO S/A                                
00458;JURÍDICA;CONS. ESC. DA ESCOLA MUNIC. Mª CLEMENTE DA SILVA  
00066;JURÍDICA;SECRETARIA DE FINANCAS DO MUNICIPIO               
50297;JURÍDICA;JOAO SALES DINIZ PLASTICOS-ME                     
00447;JURÍDICA;ALLNAT INDUSTRIA DE GELEIAS LTDA.                 
00054;JURÍDICA;CENTRO ODONTOLOGICO TIPO I - CEO CENTRO           
00321;JURÍDICA;NUCLEO ESTADUAL DO MINIST. DA SAUDE NO CE.        
50028;JURÍDICA;M DIAS BRANCO IND E COM ALIMS LTDA - GME.         
50113;JURÍDICA;JOTUJE DISTRIBUIDORA LTDA                         
00521;JURÍDICA;SECRETARIA DE ESPORTE E LAZER DE FORTALEZA        
00328;JURÍDICA;FUNDACAO DE TELEDUCACAO DO ESTADO DO CEARA        
00159;JURÍDICA;PREFEITURA MUNICIPAL DE REDENCAO                  
00633;JURÍDICA;COMERCIAL DE PRODUTOS ALIMENTICIOS O VAREJAO LTDA 
00401;JURÍDICA;LEVE BRISA INDUSTRIA E COMERCIO LTDA.             
50609;JURÍDICA;CEREALISTA FUMACENSE LTDA.                        
00512;JURÍDICA;SEC. MUNICIPAL DE PLANEJAMENTO, ORCAMENTO E GESTAO
00174;JURÍDICA;COLEGO MIL. DO CORPO DE BOMBEIROS DO ESTADO DO CE.
00135;JURÍDICA;EDIFICIO SOLAR VOLTA DA JUREMA                    
50272;JURÍDICA;TECNO INDUSTRIA E COMERCIO DE COMPUTADORES LTDA.  
00021;JURÍDICA;PREFEITURA MUNICIPAL DE AQUIRAZ                   
00364;JURÍDICA;NUTRIPOINT COM. DE PRODUTOS NUTRICIONAIS LTDA.    
50393;JURÍDICA;CLAUDIO E.M RODRIGUES -EPP                        
50414;JURÍDICA;A. J.LIMA DE ALMEIDA                              
00073;JURÍDICA;SERVICO SOCIAL DA INDUSTRIA - SESI.               
50650;JURÍDICA;PORTO SEGURO COMPANHIA DE SEGUROS                 
50085;JURÍDICA;F. C. M. DE OLIVEIRA                              
00312;JURÍDICA;HOTELARIA ACCOR BRASIL S/A                        
00417;JURÍDICA;FRAZAO E SANTOS LTDA.                             
50145;JURÍDICA;MULTILINK COMERCIAL LTDA                          
50093;JURÍDICA;CRETA DISTRIBUIDORA DE ALIMENTOS                  
50600;JURÍDICA;AURELIO LIMA DE SOUSA ME                          
50714;JURÍDICA;I& D COM E SERV DE ALIM EIRELI                    
50057;JURÍDICA;CIGEL DISTRIBUIDORA DE COSMETICOS LTDA.           
00331;JURÍDICA;SUPERINTENDENCIA ESTADUAL DO MEIO AMBIENTE        
50065;JURÍDICA;DOCE FLOR DO LAR MACHADO E CHAVES                 
50255;JURÍDICA;SBDE- SOC. BRASILEIRA DE EMBALAGENS E DESC. LTDA  
00273;JURÍDICA;LANCHONETE ALTERNATIVA LTDA - ME                  
50087;JURÍDICA;NATIVA ALIMENTOS IMPORTAÇÃO E EXPORTAÇÃO LTDA     
00190;JURÍDICA;SEC. MUN. DE MEIO AMBIENTE E CONTROLE URBANO      
50592;JURÍDICA;MAP COMERCIO DE MATERIAL ELETRICO                 
50534;JURÍDICA;SAMAR HORTIFRUTIGRANJEIROS LTDA                   
50319;JURÍDICA;F. S. VASCONCELOS & CIA  LTDA                     
00220;JURÍDICA;NAVIO HIDROGRAFICO SIRIUS                         
00252;JURÍDICA;GERALDO J. COAN & CIA. LTDA.                      
00061;JURÍDICA;HOSPITAL DISTRITAL EDMILSON BARROS DE OLIVEIRA    
00171;JURÍDICA;M DIAS BRANCO S/A IND E COMERCIO DE ALIMENTOS.    
00062;JURÍDICA;ETUFOR - EMPRESA DE TRANSPORTE URBANO DE FORTALEZA
50731;JURÍDICA;BETÂNIA LÁCTEOS S/A.                              
50003;JURÍDICA;CONTEDA - DISTRIBUIDORA DE ALIMENTOS LTDA         
50728;JURÍDICA;LPM MARMORE E GRANITO LTDA                        
50064;JURÍDICA;JSB COMERCIO E REPRESENTACOES LTDA                
00481;JURÍDICA;CONS. ESC. DA ESC. MUN. EMIDIO PAULA DE ALMEIDA   
50375;JURÍDICA;PLASTICAL PLASTICOS E CALCADOS LTDA               
50302;JURÍDICA;TRUCKAO AUTOPEÇAS LTDA                            
50469;JURÍDICA;OLIVEIRA COMERCIO DE MAQUINAS E EQUIPAMENTOS LTDA 
00514;JURÍDICA;CENTRO DE EDUCACAO INFANTIL SEMENTE DO AMANHA     
50288;JURÍDICA;PORTO BRASIL IND IMP E EXP DE ALIM LTDA           
50130;JURÍDICA;MARIA LUCEMY FONTENELE                            
50045;JURÍDICA;INDUSTRIA E COMERCIO CARAMURU LTDA                
00597;JURÍDICA;FUNDO DE DESENVOLVIMENTO DO ESPORTE E JUVENTUDE   
50050;JURÍDICA;CIMSAL COM IND DE MOAGEM E REFINAO SANTA CECILIA  
00268;JURÍDICA;PREFEITURA MUNICIPAL DE ITAITINGA                 
00158;JURÍDICA;PREFEITURA MUNICIPAL DE MARANGUAPE                
50577;JURÍDICA;L VIANA COMERCIO DE PETROLEO LTDA                 
00419;JURÍDICA;I. M. JUSTINO - ME                                
00600;JURÍDICA;SECRETARIA DO DESENVOLVIMENTO ECONOMICO           
00254;JURÍDICA;FUNDACAO INST. BRAS. DE GEOG. E ESTAT. - IBGE     
00120;JURÍDICA;GURU ALIMENTOS LTDA.                              
50352;JURÍDICA;GERARDOS DISTRIBUIDORA                            
50246;JURÍDICA;BRASIL DIST. DE EMBALAGENS PLASTICAS LTDA         
00109;JURÍDICA;SECRETARIA DE ADMINISTRACAO DO MUNICIPIO          
50357;JURÍDICA;VHM DISTRIBUIDORA DE ALIMENTOS LTDA               
50381;JURÍDICA;MARIA DO SOCORRO MOREIRA                          
50291;JURÍDICA;BELLFRIOS COMERCIAL DE ALIMENTOS LTDA             
50129;JURÍDICA;NEW TURTLE IND E COM DE PEÇAS DE PLÁSTICO LTDA    
00184;JURÍDICA;COMANDO 10ª REGIAO MILITAR                        
50353;JURÍDICA;PONTO G. DISTRIBUIDORA LTDA                       
00112;JURÍDICA;CONDOMINIO EDIFICIO IDIBRA RESIDENCE              
50396;JURÍDICA;FIOLIGHT- SERISUL COMERCIO DE TINTAS LTDA         
50092;JURÍDICA;BONOPLAST INDUSTRIA DE PLASTICO LTDA              
00386;JURÍDICA;GEM - AGROINDUSTRIAL E COMERCIO LTDA.             
00324;JURÍDICA;UNIVERSIDADE ESTADUAL VALE DO ACARAU              
00246;JURÍDICA;CLINICA GUIMARAES TAVARES LTDA.                   
50572;JURÍDICA;AVIVAR ALIMENTOS LTDA                             
50567;JURÍDICA;LINK MONITORAMENTO                                
00497;FÍSICA  ;JOSE MARIA WALTER CHAVES                          
50626;JURÍDICA;CV DISTRIBUIDORA DE ALIMENTOS EIRELI-ME           
50020;JURÍDICA;SONIA MARIA MATTOS FACANHA ME                     
50546;JURÍDICA;FACANHA COM D EPEC E SERVI                        
50308;JURÍDICA;MUNDIAL COMERCIO DE MOVEIS LTDA                   
50522;JURÍDICA;BR SERVICE LTDA -ME                               
00457;JURÍDICA;FRANCISCO S. M. DOS SANTOS                        
50484;JURÍDICA;MAGAZINE LUIZA S/A                                
00489;FÍSICA  ;FRANCISCO HERLANDSON SILVA GOMES                  
00049;JURÍDICA;BASE AEREA DE FORTALEZA                           
50661;JURÍDICA;CORADINI ALIMENTOS LTDA                           
50198;JURÍDICA;IVAN P. RAMOS PRODUTOS QUIMICOS                   
00413;JURÍDICA;CASA CIVIL                                        
50250;JURÍDICA;AKI PAPEIS COMERCIO E INDUST. DE DESCARTAVEIS LTDA
50399;JURÍDICA;COMERCIAL QUIXADA LTDA                            
00146;JURÍDICA;PREFEITURA MUNICIPAL DE SAO BENEDITO              
50675;JURÍDICA;MR2 EMBLAGENS                                     
00493;JURÍDICA;SOCIEDADE DE ASSISTENCIA AOS CEGOS                
50275;JURÍDICA;MARIA REGINA PAZ LIMA                             
00439;JURÍDICA;BANCO BRADESCO S/A                                
00560;JURÍDICA;PREFEITURA MUNICIPAL DE TRAIRI                    
00576;JURÍDICA;PREFEITURA MUNICIPAL DE IRAUCUBA/FMAS.            
00228;JURÍDICA;CSN ADMINISTRADORA DE CONDOMINIOS LTDA.           
50075;JURÍDICA;M COELHO COMERCIO E PREPRESENTACOES LTDA          
00259;JURÍDICA;COMPESCA COM. DE PESCADO ARACATIENSE LTDA.        
00536;JURÍDICA;SECRETARIA ESPECIAL DA COPA 2014                  
00620;JURÍDICA;CONSELHO COMUNITARIO DO PARQUE SAO JOSE           
00091;JURÍDICA;PREFEITURA MUNICIPAL DE TEJUCUOCA                 
00170;JURÍDICA;RESTAURANTE VENTO LESTE LTDA - EPP                
00013;JURÍDICA;SUPERINTENDENCIA DA POLICIA CIVIL                 
50598;JURÍDICA;ENGEFOOD EQUIPAMENTOS E REPRESENTAÇÕES            
00400;JURÍDICA;TRIBUNAL DE CONTAS DO CEARA                       
00082;JURÍDICA;FEDERACAO DAS INDUSTRIAS DO ESTADO DO CEARA-FIEC. 
50427;JURÍDICA;MARDAM IND. DE PRODS. DE HIGIENE LTDA             
50156;JURÍDICA;J A PEREIRA                                       
00484;JURÍDICA;DEALER & PACK DISTRIBUIDORA DE EMBALAGENS LTDA.   
50170;JURÍDICA;HIL DISTRIBUIDORA DE PRODUTOS ALIMENTICIOS LTDA.  
50261;JURÍDICA;L. A.  XIMENES SOARES                             
50096;JURÍDICA;CARAMURU ALIMENTOS LTDA                           
50504;JURÍDICA;ITAMBE ALIMENTOS S/A                              
50152;JURÍDICA;IVAN SOARES PEREIRA                               
50335;JURÍDICA;TECNOLOGIA EM SEGURANÇA INTEGRADA LTDA            
00201;JURÍDICA;HOSPITAL DIST. GONZAGA MOTA - BARRA DO CEARA      
50666;JURÍDICA;J&L CONSTRUÇÕES LTDA ME                           
00587;JURÍDICA;HOSPITAL DIST. Mª JOSE BARROSO DE OLIVEIRA        
00392;JURÍDICA;FDS - FUNDO DE DEFESA SOCIAL DO ESTADO DO CEARA   
50721;JURÍDICA;HIPERFERRO COMERCIAL DE AÇOS LTDA                 
00608;JURÍDICA;SEC. MUNICIPAL DE CONS. E SERVICOS PUBLICOS - SCSP
50043;JURÍDICA;FORTALEZA DISTRIBUICAO E LOGISTICA LTDA.          
50316;JURÍDICA;MAIS SABOR INDUSTRIA E COM. DE REFRIGERANTES LTDA 
00353;JURÍDICA;FUNDO ESTADUAL DE SAUDE/11ª CERES DE SOBRAL       
50348;JURÍDICA;J E FERREIRA - ME                                 
50404;JURÍDICA;EFORT COM. DE BRINQUEDOS E PRESENTES LTDA.        
00627;JURÍDICA;INSTITUTO DE ASSISTENCIA E PROTECAO SOCIAL        
50455;JURÍDICA;MARIA GENI MARQUES RODRIGUES                      
00398;JURÍDICA;FLASH FORTALEZA COMERCIO DE ALIM.                 
50542;JURÍDICA;MARIA EDIZEUDA MUNIZ SILVEIRA                     
50582;JURÍDICA;ANTONIO REINALDO RIBEIRO PARENTE                  
00238;JURÍDICA;PREFEITURA MUNICIPAL DE FORTIM                    
00403;JURÍDICA;SECRETARIA EXECUTIVA REGIONAL DO CENTRO           
50144;JURÍDICA;BUNGE ALIMENTOS S.A.                              
50693;JURÍDICA;JOSE GUILHERME ROSA BARREIRA - ME                 
00628;JURÍDICA;EEM PADRE ARIMATEIA DINIZ                         
50199;JURÍDICA;MULT PREV LTDA.                                   
00553;JURÍDICA;ICONE LOGISTICA E SERVICOS TECNICOS LTDA          
00606;JURÍDICA;DEP. MUNIC. DE PROT. E DEF. DOS DIR. DO CONSUMIDOR
00138;JURÍDICA;PREFEITURA MUNICIPAL DE PEREIRO                   
50329;JURÍDICA;NORDESTE DIST.  DE FITAS DE VIDEO E DVD'S  LTDA   
00421;JURÍDICA;AGENCIA DE DESENV. DO ESTADO DO CEARA S/A - ADECE 
50415;JURÍDICA;DUBOI FRIGORIFICO INDUSTRIAL LTDA                 
50428;JURÍDICA;CONTERRANEA INDUSTRIA DE AGUAS                    
00611;JURÍDICA;CENTRO DE EDUCACAO INF. RAIMUNDO NOGUEIRA COSTA   
00266;JURÍDICA;FUNDO DE APOIO E APAR. DA DEFENSORIA PUBLICA      
00368;JURÍDICA;PAK COMERCIO DE EMBALAGENS LTDA.                  
50425;JURÍDICA;ACUSTICA PERFEITA INSTRUMENTOS MUSICAIS LTDA      
50446;JURÍDICA;SAO LUIZ COMER. ATACADISTA DE ALIM LTDA           
50621;JURÍDICA;KASAHOTEL IMPORTAÇÃO E EXPORTAÇÃO LTDA            
50620;JURÍDICA;EUGENIO GONDIM - ME                               
00097;JURÍDICA;PREFEITURA MUNICIPAL DE ITAPIPOCA                 
00604;JURÍDICA;FUNDO DE INVEST. E DES. DE ATIV. DA ADM. FAZ. MUN.
50139;JURÍDICA;PREFEITURA MUNICIPAL DE PACATUBA                  
50506;JURÍDICA;LUIS DEUSIVAN BARRETO                             
50670;JURÍDICA;SUPREMA DISTRIBUIDORA EIRELI ME                   
00601;JURÍDICA;CENTRO DE EDUCACAO A DISTANCIA DO ESTADO DO CE.   
00523;JURÍDICA;BRASIL USA PARK DE DIVERSOES LTDA.                
50405;JURÍDICA;F. VILAMARQUES M. COSTA                           
00093;JURÍDICA;ESCOLA DE SAUDE PUBLICA DO CEARA                  
00194;JURÍDICA;HOSPITAL DIST. Mª JOSE BARROSO DE OLIVEIRA        
50465;JURÍDICA;CEARA DIESEL S/A                                  
00348;JURÍDICA;CENTRO ODONTOLOGICO TIPO II CEO JOAQUIM TAVORA    
50555;JURÍDICA;TABELIONATO DE NOTAS                              
50569;JURÍDICA;GUT GURT INDUSTRIA E COMERCIO E ALIMENTOS LTDA    
50689;JURÍDICA;B M FONTENELLE NETO ME                            
50091;JURÍDICA;ANTONIA ELIONIRA PINHEIRO RABELO                  
00515;JURÍDICA;CONS. ESC. DA ESC. MUN. GREGORIO BEZERRA DA SILVA 
50377;JURÍDICA;F S J INDUSTRIA E COMERCIO DE PAPEIS LTDA - EPP   
50032;JURÍDICA;M N DO NASCIMENTO SILVA                           
50220;JURÍDICA;M&S DISTRIBUIDORA DE ALIMENTOS LTDA.              
50150;JURÍDICA;F E SANTOS DIAS                                   
00317;JURÍDICA;SECRETARIA DE TURISMO                             
50550;JURÍDICA;SUL AMERICA CIA NACIONAL DE SEGUROS               
50430;JURÍDICA;J. QUEIROZ - COMERCIO DE FERRAGENS LTDA           
50508;JURÍDICA;MULTICARGAS LTDA EPP                              
00183;JURÍDICA;SECRETARIA EXECUTIVA REGIONAL V                   
50321;JURÍDICA;SALMAR INUSTRIA E COM. DE ALIM. LTDA              
00186;JURÍDICA;AUTARQUIA MUN. DE TRANSITO E DE CIDAD. DE FORT.   
00236;JURÍDICA;HOSPITAL GERAL DE FORTALEZA - OMS.                
00285;JURÍDICA;PREFEITURA MUNICIPAL DE MORADA NOVA               
00325;JURÍDICA;COTECE S.A.                                       
50385;JURÍDICA;MARATA SUCOS DO NORDESTE LTDA                     
00130;JURÍDICA;PREFEITURA MUNICIPAL DE QUIXERAMOBIM              
50183;JURÍDICA;CLEAN SYSTEM COMERCIAL LTDA.                      
50178;JURÍDICA;RAIMUNDO F. NASCIMENTO - EPP (FLOR DO CAMPO)      
00271;JURÍDICA;COMPANHIA DE GAS DO CEARA                         
50242;JURÍDICA;INDAIA BRASIL AGUAS MINERAIS LTDA                 
00366;JURÍDICA;POUSADA DAS MARES - EPP                           
50328;JURÍDICA;MARIA JOSE BRAGA                                  
50119;JURÍDICA;APIGUANA MAQUINAS E FERRAMENTAS LTDA              
50397;JURÍDICA;N G TECIDO                                        
50472;JURÍDICA;NF DE MARAIS SIDRIM - NF DISTRIBUIDORA            
50336;JURÍDICA;TOKI IMPORTADOS LTDA                              
50547;JURÍDICA;POLE ALIMENTOS LTDA                               
50519;JURÍDICA;FACANHA COM DE PEC E SERV                         
00250;JURÍDICA;CENTRAIS DE ABASTECIMENTO DO CEARA S/A.           
50708;JURÍDICA;MADEIREIRA PADRE CÍCERO LTDA EPP                  
50602;JURÍDICA;FRANCISCO ERNANE RIPARDO                          
50342;JURÍDICA;EQUIPECAS EQUP. PECAS E ACESS. P/ REFRIG. LTDA    
00374;JURÍDICA;INSTITUTO DE DESENVOLVIMENTO DO TRABALHO          
50175;JURÍDICA;THIAGO SILVEIRA DE ALMEIDA                        
00476;JURÍDICA;CONS. DE EDUC. DA ESCOLA BOM JESUS DOS NAVEGANTES 
50581;JURÍDICA;EVAL COMERCIO DE ALIMENTOS EIRELI                 
00426;JURÍDICA;COMPANHIA DE TRANSPORTE COLETIVO - CTC            
00623;JURÍDICA;E A PONTE REFEICOES COLETIVAS - ME                
00544;JURÍDICA;CONSELHO ESCOLAR TIRADENTES                       
50730;JURÍDICA;FORTCOLOR TINTAS E VERNIZES LTDA                  
50078;JURÍDICA;INDUSTRIA BRASILEIRA DE ARTEFATOS PIAS            
50436;JURÍDICA;VIVA COMERCIO DE PISCINAS E BOMBAS LTDA- ME       
50358;JURÍDICA;WAL MART BRASIL LTDA                              
00338;JURÍDICA;CONDOMINIO EDIFICIO ATLANTICO RESIDENCE SERVICE.  
00292;JURÍDICA;PREFEITURA MUNICIPAL DE ARACATI                   
50293;JURÍDICA;SUPERPRO BETTANIN S.A                             
00088;JURÍDICA;SENAI - DEPARTAMENTO REGIONAL DO CEARA-CFP WDS    
50477;JURÍDICA;OLE INDUSTRIA DE MATERIAL DE LIMPEZA LTDA         
50705;JURÍDICA;MB COMÉRCIO DE MATERIAIS DE CONSTRUÇÃO L          
50201;JURÍDICA;PREFEITURA MUNICIPAL DE HIDROLÂNDIA               
50462;JURÍDICA;MARIA EUZETE HOLANDA BRAGA                        
50617;JURÍDICA;RODRIGUES OLIVEIRA EQ. HOTEL. LTD                 
50103;JURÍDICA;COPOBRAS DESCARTAVEIS                             
00229;JURÍDICA;CSN CENTRO DE SERVIÇOS DO NORDESTE LTDA.          
50380;JURÍDICA;ARMAZEM FONSECA LTDA                              
50553;JURÍDICA;DFB CONSULTORIA EMPRESARIAL                       
50518;JURÍDICA;TRUCKÃO SERVIÇOS MECANICOS AUTOMOTIVOS LTDA       
00610;JURÍDICA;PREFEITURA MUNICIPAL DE ITAREMA                   
00440;JURÍDICA;FABRICIO MATTOS FACANHA                           
00502;JURÍDICA;ESCOLA DE GESTAO PUBLICA DO ESTADO DO CEARA       
00137;JURÍDICA;PREFEITURA MUNICIPAL DE TABULEIRO DO NORTE        
50535;JURÍDICA;MARCELU SIND. E COM. DE COSMETICOS LTDA.          
00175;JURÍDICA;PROCURADORIA GERAL DO MUNICIPIO                   
00057;JURÍDICA;SECRETARIA MUNICIPAL DE EDUCACAO                  
50286;JURÍDICA;AGUANAMBI COMERCIO DE MOVEIS DE ACO LTDA-ME       
50443;JURÍDICA;JK MONTEIRO ALIMENTOS LTDA                        
00288;JURÍDICA;PREFEITURA MUNICIPAL DE SENADOR POMPEU            
00101;JURÍDICA;FUNAI - ADMINISTRACAO REGIONAL DE JOAO PESSOA.    
00223;JURÍDICA;CONDOMINIO FORTALEZA MART CENTER                  
50033;JURÍDICA;MOINHO SANTA LUCIA LTDA                           
50095;JURÍDICA;FRIGORIFICO SUPER BARATAO LTDA                    
00294;JURÍDICA;PREFEITURA MUNICIPAL DE CRUZ                      
00407;JURÍDICA;HOSPITAL UNIVERSITARIO ONOFRE LOPES DA UFRN       
50097;JURÍDICA;JOSE MARCIO SALES URBANO                          
00487;JURÍDICA;SANTE ALIMENTACAO E SERVICOS S/A                  
50361;JURÍDICA;AVINE COML E AVICOLA DO NE LTDA                   
00350;JURÍDICA;INSTITUTO PRISMA DE DESENVOLVIMENTO HUMANO        
00289;JURÍDICA;CONDOMINIO DO ED. LUZON RESIDENCE SERVICE         
50018;JURÍDICA;TRES CORAÇOES ALIMENTOS LTDA                      
00513;JURÍDICA;INSTITUTO DE CULTURA, ARTE, CIENCIA E ESPORTE     
50192;JURÍDICA;BRIOSOL IND. E COM. DE MATERIAL DE LIMPEZA LTDA.  
50467;JURÍDICA;DSR SOLUÇÕES D INTELIGENCIA LOGISTICA LTDA        
50051;JURÍDICA;CONDOR S.A.                                       
50445;JURÍDICA;MEUZAMOR AGUA E ALIMENTOS INDUSTRIAL LTDA         
50618;JURÍDICA;COMERCIAL DE ALIMENTOS NETO EIRELI                
50695;JURÍDICA;F BENICIO DE HOLANDA & CIA LTDA                   
50454;JURÍDICA;F. DE ASSIS DA SILVA ATACADISTA ME                
00607;JURÍDICA;TECNO IND. E COM. DE COMPUTADORES LTDA.           
50021;JURÍDICA;FRANCISCA VERONICA DE SOUZA CASTRO                
00537;JURÍDICA;CIA. DE DESENV. DO COMPLEXO IND. E PORT. DO PECEM 
50007;JURÍDICA;DOCA COMERCIAL LTDA                               
00165;JURÍDICA;PREFEITURA MUNICIPAL DE AMONTADA                  
50306;JURÍDICA;SRC EQUIPAMENTOS DE PROTEÇÃO E SEGURANÇA LTDA- EPP
00141;JURÍDICA;PREFEITURA MUNICIPAL DE VICOSA DO CEARA           
00339;JURÍDICA;NEGREIROS COMERCIO DE ALIMENTOS LTDA.             
50330;JURÍDICA;COMERCIAL RABELO SOM E IMAGEM LTDA                
00375;JURÍDICA;CONDOMINIO EDIFICIO PAPILON                       
50059;JURÍDICA;FUTURE COMERCIO IMPORTADORA E EXPORTADORA LTDA    
50340;JURÍDICA;GSA COM. IMPORT. E EXPORT. DE PEÇAS E ACESSORIOS  
00622;JURÍDICA;AGENCIA DE FISCALIZACAO DE FORTALEZA              
50309;JURÍDICA;D M INDUSTRIA COMERCIO E SERVIÇOS LTDA            
50149;JURÍDICA;AGROBASA S/A                                      
50595;JURÍDICA;FESTPLÁSTICOS THIAGO DE OLIVEIRA BARBOSA E CIA LTD
50162;JURÍDICA;PRAFESTA IND E COM DE ARTIGOS DE FESTA LTDA       
00566;JURÍDICA;CONS. ESC. DA ESCOLA MUNIC. ERNESTO GURGEL VALENTE
00450;JURÍDICA;AMERICA DO SUL DIST. DE ALIMENTOS LTDA.           
50614;JURÍDICA;ALMEIDA E CORDEIRO COMERCIO VAREJ. DE PRO DE HIGIE
50451;JURÍDICA;OLI MA INDUSTRIA DE ALIMENTOS LTDA                
50562;JURÍDICA;HDI SEGUROS S/A                                   
00455;JURÍDICA;CONS. ESC. DA ESC. DE 1º GRAU MANUEL F. DA FONSECA
50439;JURÍDICA;M. ELIZABETH TORRES SARAIVA                       
50478;JURÍDICA;JS CINE FOTO SOM LTDA                             
00415;JURÍDICA;BANCO BRADESCO S.A.                               
50671;JURÍDICA;ITALO COMÉRCIO DE CARNES LTDA - EPP               
50228;JURÍDICA;CHURRASQUINHO JUNDIAI LTDA.                       
00538;JURÍDICA;FUNDO ESTADUAL DE ASSISTENCIA SOCIAL/FEAS.        
50367;JURÍDICA;ATACADAO DISTRIBUICAO COMERCIO E INDUSTRIA LTDA   
00478;JURÍDICA;CEREALISTA MEDEIROS LTDA                          
00100;JURÍDICA;CENTRO DE ESPEC. MEDICAS JOSE DE ALENCAR          
50164;JURÍDICA;JEPLAST INDUSTRIA DE PLASTICOS DO BRASIL LTDA     
50107;JURÍDICA;SAO BRAZ S.A. IND. COM. DE ALIMENTOS              
50458;JURÍDICA;AIRTON DE SA BARRETO JUNIOR-ME                    
50177;JURÍDICA;BG - DISTRIBUIDORA DE ALIMENTOS LTDA.             
00108;JURÍDICA;CONDOMINIO EDIFICIO PRAIA MANSA                   
00086;JURÍDICA;SERV. DE APOIO AS MICRO E PEQ. EMP. DO EST. DO CE 
50189;JURÍDICA;MERCADÃO COMERCIAL DAS BALAS LTDA.                
00449;JURÍDICA;NATURALLE INDUSTRIA E COMERCIO LTDA. - ME.        
50055;JURÍDICA;BEBIDAS E CONDIMENTOS LORD LTDA                   
00593;JURÍDICA;SECRETARIA DO MEIO AMBIENTE                       
50180;JURÍDICA;VALE FÉRTIL INDS. ALIMENTÍCIAS LTDA.              
50583;JURÍDICA;JEOVA DE OLIVEIRA BARROS-ME                       
00572;JURÍDICA;PREFEITURA MUNICIPAL DE ACARAPE                   
00090;JURÍDICA;VIRMONT PRODUTOS ALIMENTICIOS LTDA.               
50373;JURÍDICA;BR COM. VAREJISTA PECAS E SERV. DE MOLAS          
00070;JURÍDICA;SENAI - DEPARTAMENTO REGIONAL DO CEARA - CETAE.   
00438;JURÍDICA;LEITBOM S/A                                       
00615;JURÍDICA;ALDENIZIA GOMES COELHO ME                         
00269;JURÍDICA;UNIMED FORTALEZA COOP. DE TRABALHO MEDICO LTDA.   
00547;JURÍDICA;CONSELHO ESCOLAR SENHOR DO BONFIM                 
00526;JURÍDICA;CLUBE DOS EMPREGADOS DA PETROBRAS - CE.           
50700;JURÍDICA;FRIGORIFICO NOVILHO DE OURO                       
00024;JURÍDICA;HOSPITAL GERAL CESAR CALS DE OLIVEIRA             
50318;JURÍDICA;LOJAS INSINUANTE LTDA                             
00548;JURÍDICA;TECNO INDUSTRIA E COMERCIO DE COMPUTADORES LTDA.  
60002;FÍSICA  ;PITHY MENEZES                                     
50081;JURÍDICA;JOSE RIBAMAR MOREIRA MARQUES EPP                  
50637;JURÍDICA;MINERVA FUNDO DE INVESTIMENTO EM DIREITOS E CRÉDIT
50030;JURÍDICA;COOP. CENTRAL DOS PROD. RURAIS DE MINAS GERAIS    
00498;JURÍDICA;PEIXADA DO CEARA LTDA.                            
50601;JURÍDICA;MELLORE ALIMENTOS LTDA                            
50607;JURÍDICA;GONÇALVES & TORTOLA S/A                           
50167;JURÍDICA;ALEX VARELA DA SILVA                              
50214;JURÍDICA;COLUMBUS BRASIL IND. E COM. LTDA.                 
00589;JURÍDICA;RENATA MILITAO GUEDES - ME                        
50631;JURÍDICA;F ARAÚJO COMÉRCIO DE ALIM EIRELLI - EPP           
00008;JURÍDICA;SECRETARIA DA FAZENDA - SEFAZ                     
50039;JURÍDICA;CANADA DISTRIBUIDORA DE ALIMENTOS LTDA            
50510;JURÍDICA;M. DIAS BRANCO S. A. INDUSTRIA E COM. DE ALIMENTOS
50723;JURÍDICA;SUSTENTABILIDADE SERVIÇOS EM EFICIÊNCIA           
50117;JURÍDICA;CIABON COMPANHIA IND ALIM DE BONFINOPOLIS LTDA    
00578;JURÍDICA;CONSORCIO PUBLICO DE SAUDE INTERF DO VALE DO CURU 
50082;JURÍDICA;RB COMÉRCIO E INDÚSTRIA LTDA                      
50314;JURÍDICA;FORMAQUINAS COMERCIO E REPRESENTAÇOES LTDA        
50668;JURÍDICA;SIND.IND.DA CONSTRUÇÃO CIVIL DO CEARÁ             
50556;JURÍDICA;TIM CELULAR S.A.                                  
00253;JURÍDICA;HOSPITAL SAO MATEUS LTDA.                         
00243;JURÍDICA;VL ALIMENTOS LTDA                                 
00296;JURÍDICA;SBTEC COMERCIO DE PRODUTOS ESPORTIVOS LTDA        
50014;JURÍDICA;MUNDO DO PAPEL COMÉRCIO E REPRESENTAÇÕES LTDA     
50320;JURÍDICA;SIRIUS IND. E COM. DE ALIMENTOS S/A.              
50239;JURÍDICA;PAIL PACAJUS INDUSTRIAL LTDA - EPP                
50267;JURÍDICA;MASTER ELETRONICA DE BRINQUEDOS LTDA              
50052;JURÍDICA;KREMON DO BRASIL S.A. INDUSTRIA E COMERCIO        
50265;JURÍDICA;DOCE FLOR DO LAR                                  
50575;JURÍDICA;SEARA ALIMENTOS LTDA.                             
50411;JURÍDICA;GUACIRA ALIMENTOS LTDA                            
00272;JURÍDICA;SUITES CONDOMINIUM                                
50354;JURÍDICA;CERTEC- INDUSTRIA E COMERCIO DE EQUIPAMENTOS LTDA 
50715;JURÍDICA;"CAROLINE P; MELO - ME                             "
00162;JURÍDICA;EDIFICIO ASTORGA                                  
50349;JURÍDICA;PLACAL EMBALAGENS LTDA                            
50195;JURÍDICA;REPRESENTARE COM. E SERVIÇOS LTDA.                
50417;JURÍDICA;OLI MA INDUSTRIA DE ALIMENTOS LTDA                
00630;JURÍDICA;EEMTI CUSTODIO DA SILVA LEMOS                     
00224;JURÍDICA;SECRETARIA DO TRABALHO E EMPREENDEDORISMO - SETE  
50151;JURÍDICA;SANDET QUÍMICA LTDA                               
50274;JURÍDICA;IND. E COM. DE PLASTICOS E EMBALAGENS LTDA        
00552;JURÍDICA;CONS. ESC. DO CENTRO EDUCACIONAL SAO LUIS         
50304;JURÍDICA;TELES SPORTS COMERCIO E SERVIÇOS LTDA             
00411;JURÍDICA;ABBEM - ASSOC. BATISTA BENEFICENTE E MISSIONARIA  
50515;JURÍDICA;PAULO PICACIO BARROSO CABRAL - ME                 
50494;JURÍDICA;FF JADOSKI - ME                                   
00585;JURÍDICA;HOSPITAL DIST. EVANDRO AYRES DE MOURA             
50182;JURÍDICA;MARFINITE PRODUTOS SINTÉTICOS LTDA                
00362;JURÍDICA;BRASQUIMICA PRODUTOS ASFALTICOS LTDA              
50296;JURÍDICA;MIAMI COMERCIALE TEC LTDA                         
50489;JURÍDICA;LINSELETRICA LTDA                                 
00387;JURÍDICA;TOR4 COMERCIAL DE ALIMENTOS LTDA.                 
50588;JURÍDICA;J.MACÊDO                                          
00104;JURÍDICA;SECRETARIA EXECUTIVA REGIONAL II                  
50174;JURÍDICA;JANGA S.A. INDUSTRIA E COMERCIO                   
50691;JURÍDICA;ARTPEL ARTEFATOS DE PAPEL LTDA                    
50125;JURÍDICA;TOP LIMP COMERCIO DE MATERIAIS DE LIMP E SERVICOS 
00009;JURÍDICA;FUNDO ESTADUAL DE SAUDE                           
00609;JURÍDICA;SAO BRAZ S/A IND. COM. DE ALIMENTOS               
00435;JURÍDICA;SECRETARIA DE CULTURA DE FORTALEZA                
50023;JURÍDICA;COOP. CENTRAL DOS PROD. DE ALG. E ALIM. LTDA.     
00584;JURÍDICA;SECRETARIA MUNICIPAL DE GOVERNO - SEGOV           
00595;JURÍDICA;FUNDACAO DE CIENCIA, TECN. E INOVACAO DE FORTALEZA
50079;JURÍDICA;CORDAL DISTRIBUIDORA DE ALIMENTOS LTDA            
50709;JURÍDICA;I9 MENU LTDA                                      
50324;JURÍDICA;BEGEL INDUSTRIA E COMERCIO DE REFRIGERACAO LTDA   
50281;JURÍDICA;LIBIOMAR FERREIRA DA SILVA                        
50389;JURÍDICA;COMERCIAL DAAL DESENHO ARTE E ARQUITETURA LTDA    
50584;JURÍDICA;COMERCIAL MAB                                     
50616;JURÍDICA;DISTRILIMP IND. COM. E DISTRIB. DE PRODUTOS DE LIM
00588;JURÍDICA;SECRETARIA MUN. DO DESENV. HABIT. DE FORTALEZA    
00468;JURÍDICA;ESTRELA SUPERMERCADO LTDA.                        
50257;JURÍDICA;VMR INDUSTRIA E COMERCIO DE ALIMENTOS LTDA        
50146;JURÍDICA;CODIFRIOS COMERCIO E DISTRIBUICAO DE FRIOS LTDA   
50382;JURÍDICA;CEQUIP IMPORTACAO E COMERCIO LTDA                 
00084;JURÍDICA;CAPITANIA DOS PORTOS DO CEARA                     
50716;JURÍDICA;PROJELMEC VENTILAÇÃO INDUSTRIAL LTDA              
50490;JURÍDICA;PETROPLAST INDUSTRIA DE EMBALAGENS LTDA ME        
50424;JURÍDICA;XALINGO S/A - IND. E COM.                         
50604;JURÍDICA;MOTOVENT EQUIPAMENTOS DE VENTILAÇÃO LTDA          
00408;JURÍDICA;MATERNIDADE ESCOLA JANUARIO CICCO DA UFRN         
00441;JURÍDICA;FIORELLA PRODUTOS TEXTEIS LTDA.                   
50341;JURÍDICA;JOSE AURISTENIO DE BARROS                         
50121;JURÍDICA;BUFALO IND. E COM. DE PRODUTOS QUIMICOS LTDA.     
00099;JURÍDICA;BANCO BEC S/A                                     
00326;JURÍDICA;CARNEIRRIL COMERCIAL LTDA.                        
50230;JURÍDICA;H. C. COM. DE EMBALAGENS PLASTICAS LTDA.          
50153;JURÍDICA;LAGROTTA AZZURRA IND. E COM. DE CONFECCOES LTDA   
50069;JURÍDICA;BETTANNIN INDUSTRIAL S.A.                         
00110;JURÍDICA;JOSELMA MARIA DE LIMA OLIVEIRA                    
50207;JURÍDICA;MULTICARGAS LTDA.                                 
00151;JURÍDICA;HOTELARIA ACCOR BRASIL S/A.                       
00147;JURÍDICA;JATOBA COMERCIO DE ALIMENTOS LTDA.                
50048;JURÍDICA;MARATÁ INDÚSTRIA DE AGUARDENTES LTDA              
00045;JURÍDICA;DEPARTAMENTO ESTADUAL DE RODOVIAS                 
00164;JURÍDICA;PREFEITURA MUNICIPAL DE PENTECOSTE                
50594;JURÍDICA;MAQUILAR COM DE MAQ P/ ESC E ASS TEC LTDA         
50010;JURÍDICA;COMERCIAL IBIAPINA LTDA.                          
50719;JURÍDICA;HALTON REFRIN EQUIPAMENTOS E TECNOLOGIA PARA      
50311;JURÍDICA;NATALIA LEITE DE OLIVEIRA                         
00075;JURÍDICA;SERVICO SOCIAL DA INDUSTRIA - SESI.               
50067;JURÍDICA;V B FERNANDES FILHO                               
50270;JURÍDICA;IBEL IND. DE BORRACHA EVA LTDA                    
50646;JURÍDICA;C.E. COMERCIO DE ALIMENTOS EIRELE-EPP             
00472;JURÍDICA;UNID. EXEC. DA ESC DE ENS. MEDIO FCA. M. DE SOUZA 
00430;JURÍDICA;MULTDIA INDUSTRIA E COMERCIO S/A.                 
00074;JURÍDICA;SERVICO SOCIAL DA INDUSTRIA - SESI.               
00428;JURÍDICA;KIMBERLY-CLARK BRASIL IND. E COM. DE PROD. DE HIG.
50221;JURÍDICA;VIA LACTEA INDUSRIA E COMERCIO                    
00621;JURÍDICA;INST. DE PREVIDENCIA DO MUNICIPIO DE PARAIPABA    
50234;JURÍDICA;POLWAX INDUSTRIA QUIMICA LTDA.                    
50674;JURÍDICA;COMERCIAL DE CARNES 13 DE MAIO LTDA.              
50561;JURÍDICA;SIND DAS EMP DE TRANSP DE PASSAGEIROS DO EST DO CE
50211;JURÍDICA;MULTDIA INDUSTRIA E COMERCIO S/A                  
50071;JURÍDICA;ASSOLAN INDUSTRIAL LTDA                           
50305;JURÍDICA;A PRINCIPAL-SPS-ELETRICO COMERCIAL LTDA           
00249;JURÍDICA;MONTE LIBANO - IMOVEIS E TURISMO S/A.             
00096;JURÍDICA;FUNDO ESTADUAL DE TRANSPORTES - DERT              
50403;JURÍDICA;COMERCIAL PEGADO LTDA.                            
50307;JURÍDICA;STOCK EQUIPAMENTOS INDUSTRIAIS E SEGURANÇA LTDA   
50586;JURÍDICA;LARBOS COM E REPRESENTAÇÕES LTDA                  
00365;JURÍDICA;CENTRO DE CONVIVENCIA ANTONIO DIOGO               
00156;JURÍDICA;PREFEITURA MUNICIPAL DE BARREIRA                  
50063;JURÍDICA;BRASLIMPIA IND. E COM. IMPORTACAO EXPORTACAO      
50549;JURÍDICA;JAGUAFRANGOS INDUSTRIA E COMERCIO DE ALIMENTOS LTD
50046;JURÍDICA;SADIA S/A.                                        
00574;JURÍDICA;FUNDO MUNICIPAL DE SAUDE DE IRAUCUBA              
50444;JURÍDICA;IRACEMA INDUSTRIA E COMERCIO DE AGUAS LTDA        
50187;JURÍDICA;TALIMPO COMÉRCIO PRODUTOS DE LIMPEZA LTDA.        
00598;JURÍDICA;ESCOLA DE ENSINO MEDIO FRANCISCA MOREIRA DE SOUSA 
50115;JURÍDICA;CISAL - IND. SUL AMERICANA DE ALIMENTOS LTDA.     
00549;JURÍDICA;PARQUE REGIONAL DE MANUTENCAO/10.                 
00181;JURÍDICA;PREFEITURA MUNICIPAL DE LIMOEIRO DO NORTE         
50694;JURÍDICA;RAMPINELLI ALIMENTOS LTDA                         
00517;JURÍDICA;PREFEITURA MUNICIPAL DE ITAPIUNA                  
00625;JURÍDICA;SERVICO SOCIAL DO COMERCIO - SESC - AR. CE.       
00316;JURÍDICA;SECRETARIA DA JUSTIÇA E CIDADANIA DO ESTADO DO CE 
00511;JURÍDICA;CONS. ESC. DA ESC. MUN. JOSE FRANCISCO DAS CHAGAS 
50009;JURÍDICA;MAKRO ATACADISTA S.A.                             
50511;JURÍDICA;M DIAS BRANCO S/A. INDUTRIA E COM. DE ALIMENTOS   
50391;JURÍDICA;BRITO SOARES COM. REPRES. TRANS. LTDA             
00427;JURÍDICA;HOSPITAL UNIVERSITARIO ANA BEZERRA                
00248;JURÍDICA;PROCURADORIA REGIONAL DO TRABALHO DA 7ª REGIAO    
00095;JURÍDICA;PREFEITURA MUNICIPAL DE EUSEBIO                   
00039;JURÍDICA;INSTITUTO DE SAUDE E GESTAO HOSPITALAR - ISGH     
50412;JURÍDICA;MOISES GUEDES DA SILVA - ME                       
50365;JURÍDICA;DCA DISTRIBUIDORA CEARENSE DE ALIMENTOS LTDA      
50688;JURÍDICA;SILVA & BRAGA COM DE ALIM LTDA                    
50497;JURÍDICA;COMERCIAL DE HORTIFRUTIGRANJEIROS LESSA           
50530;JURÍDICA;AGROQUIMICA COMER. DE PRODUTOS VET. LTDA          
00355;JURÍDICA;PROCURADORIA GERAL DO ESTADO                      
50679;JURÍDICA;DTS - COM. DE EQUIP DE SEGURANÇA                  
50605;JURÍDICA;TEMP CLEAN NORDESTE PROD                          
00305;JURÍDICA;J MACEDO ALIMENTOS S/A.                           
50476;JURÍDICA;MAGAZINE LILIANI                                  
00590;JURÍDICA;FORTE COMERCIAL LTDA                              
00539;JURÍDICA;HOSPITAL GERAL MILITAR - HPM                      
50002;JURÍDICA;COMERCIAL ROMA LTDA.                              
00060;JURÍDICA;COMPANHIA DOCAS DO CEARA                          
50394;JURÍDICA;FORTCOLOR TINTAS E VERNIZES LTDA                  
50359;JURÍDICA;JOSE AURELIO MOREIRA MICROEMPRESA                 
00058;JURÍDICA;FUNDACAO DA CRIANCA E DA FAMILIA CIDADA           
50611;JURÍDICA;ALLIANZ SEGUROS S.A.                              
00155;JURÍDICA;PREFEITURA MUNICIPAL DE ARACOIABA                 
50251;JURÍDICA;MEDICAL DEALER'S HOSPITALAR LTDA                  
00318;JURÍDICA;COMPANHIA DE AGUA E ESGOTO DO CEARA               
00319;JURÍDICA;GABINETE DO GOVERNADOR                            
50532;JURÍDICA;CIGEL INDUSRIAL LTDA                              
00132;JURÍDICA;CONDOMINIO EDIFICIO GOLDEN FLAT HOTEL             
50148;JURÍDICA;FNS COMERCIO E IMPORTACAO LTDA                    
50473;JURÍDICA;UNIAO QUIMICA DO BRASIL LTDA                      
00227;JURÍDICA;CSN CORPO DE SEGURANCA DO NORDESTE LTDA.          
50233;JURÍDICA;ROBERTO FONTES DISTRIBUIDORA LTDA.                
50525;JURÍDICA;TEIXEIRA COMERCIAL DE MOVEIS E ELETODOMÉSTICOS LTD
00475;JURÍDICA;COLEGIO MILITAR DE FORTALEZA                      
00015;JURÍDICA;UNIMED - FORTALEZA - COOP. DE TRABALHO MEDICO LTDA
00042;JURÍDICA;HOSPITAL UNIVERSITARIO WALTER CANTIDIO - UFC.     
00051;JURÍDICA;SERVICO SOCIAL DA INDUSTRIA - SESI.               
00072;JURÍDICA;SERVICO SOCIAL DA INDUSTRIA - SESI.               
50370;JURÍDICA;A SILVA PRACA IND. E COM. ALIMENTOS               
50634;JURÍDICA;MULTIPLAY                                         
50161;JURÍDICA;VOLKS DO BRASIL LTDA                              
50702;JURÍDICA;F D B AGUIAR SERVIÇOS ME                          
00360;JURÍDICA;PREFEITURA MUNICIPAL DE QUIXERE                   
50512;JURÍDICA;LR COMÉRCIO DE MADEIRAS LTDA                      
50645;JURÍDICA;CARRER ALIMENTOS                                  
00003;JURÍDICA;SANTA CASA DE MISERICORDIA DE FORTALEZA           
50108;JURÍDICA;IND. E COM. DE PRODUTOS ALIMENTICIOS CEPERA LTDA  
00556;JURÍDICA;FUNDO MUNICIPAL DE SAUDE DE PACAJUS               
00274;JURÍDICA;CONDOMINIO EDIFICIO JAIBARAS                      
00304;JURÍDICA;RENATA FONTES DE ALMEIDA LUNA - EPP               
00035;JURÍDICA;SEC. DA CIENCIA E TECN. E EDUCACAO SUPERIOR       
50517;JURÍDICA;COMERCIAL IBIAPINA LTDA. - AQUIRAZ                
00617;JURÍDICA;ANDREVANIO LEMOS DE OLIVEIRA EPP                  
50060;JURÍDICA;ALDERITA COMERCIAL DE CEREAIS LTDA                
00300;JURÍDICA;SECRETARIA DO TRAB. E DESENVOLVIMENTO SOCIAL/FEAS 
50084;JURÍDICA;DISTRIBUIDORA BRUNA DE ALIMENTOS LTDA             
00214;JURÍDICA;PREFEITURA MUNICIPAL DE PARAMOTI                  
50720;JURÍDICA;PROTEÇÃO COMÉRCIO E LTDA ME                       
50384;JURÍDICA;CASA AGROPECUARIA COMERCIO VAREJISTA LTDA         
00204;JURÍDICA;CONDOMINIO DO EDIFICIO BRASIL TROPICAL RESIDENCE  
00118;JURÍDICA;GLUTAO ALIMENTOS LTDA.                            
00113;JURÍDICA;GABINETE DO VICE GOVERNADOR                       
00081;JURÍDICA;PCA - REFEICOES COLETIVAS E HOSPITALARES LTDA.    
00459;JURÍDICA;CONS. ESC. DA E. S. BERNARDO DE E. FUN. FORQUILHA 
00145;JURÍDICA;CONDOMINIO EDIFICIO HOLLANDA PLAZZA               
50419;JURÍDICA;ISOQUIMICA INDUSTRIAL LTDA                        
50172;JURÍDICA;PLASTMIX IND. E COM. DE EMBALAGENS LTDA.          
50197;JURÍDICA;SUPERMAX BRASIL IMPORTADORA S.A.                  
50680;JURÍDICA;ROSINA ALIMENTOS EIRELI                           
50351;JURÍDICA;SLC ALIMENTOS S.A                                 
50355;JURÍDICA;ORIZICOLA DO VALE ALIMENTOS LTDA                  
00397;JURÍDICA;INST. DE PESQUISA E ESTRATEGIA ECONOMICA DO CEARA 
00193;JURÍDICA;FUNDACAO DE DESENV. HABIT. DE FORTALEZA-HABITAFOR 
00069;JURÍDICA;FUNDO ESTADUAL DE ASSISTENCIA SOCIAL - FEAS       
50537;JURÍDICA;L LA IMPORTAÇÃO E EXPORTAÇÃO LTDA                 
00089;JURÍDICA;FUNDO MUNICIPAL DE ASSISTENCIA SOCIAL             
50593;JURÍDICA;IND. E COM. DE ARROZ FUMACENSE LTDA               
00279;JURÍDICA;INSTITUTO DE OFTALM. E OTOR. DE FORTALEZA S/A LTDA
50160;JURÍDICA;BRASIL CENTRAL ALIMENTOS LTDA                     
50101;JURÍDICA;MANOEL NELSON RABELO JUNIOR & CIA. LTDA.          
50717;JURÍDICA;JJ DISTRIBUIDORA DE ALIMENTOS E SERVIÇOS LTDA EPP 
00083;JURÍDICA;ESCOLA DE APRENDIZES MARINHEIROS DO CEARA         
50667;JURÍDICA;CREA-CE                                           
50410;JURÍDICA;COMERCIAL XIMENES LTDA                            
00486;FÍSICA  ;JOAO TEMOTEO DA SILVA                             
00160;JURÍDICA;PREFEITURA MUNICIPAL DE PACOTI                    
50434;JURÍDICA;FR DA SILVA BEZERRA -ME                           
60001;FÍSICA  ;FABRICIO MATTOS FACANHA                           
50210;JURÍDICA;GD7 DISTRIBUIDORA DE ALIMENTOS LTDA.              
00014;JURÍDICA;PELAGIO OLIVEIRA S/A.                             
00418;JURÍDICA;ARMACON DISTRIBUICAO DE ALIMENTOS LTDA.           
50369;JURÍDICA;M.C COMERCIAL DE FRUTAS E VERDURAS LTDA           
00307;JURÍDICA;A & B COMERCIO DE ALIMENTOS E SERVICOS LTDA.      
00048;JURÍDICA;BANCO DO NORDESTE DO BRASIL S.A.                  
50612;JURÍDICA;JULIANA QUEIROZ DA SILVA ME                       
00322;JURÍDICA;JUNTA COMERCIAL DO ESTADO DO CEARA - JUCEC.       
50727;JURÍDICA;COMPANHIA ULTRAGAZ S A                            
00635;JURÍDICA;M G MESQUITA SALDANHA                             
00479;FÍSICA  ;SONIA MARIA DE MELO VIANA                         
00506;JURÍDICA;SAO BENTO MIDIA ALTERNATIVA LTDA.                 
00467;JURÍDICA;PARQUE REGIONAL DE MANUTENCAO/10                  
50692;JURÍDICA;G&T COMÉRCIO E SERVIÇOS                           
00092;JURÍDICA;SECRETARIA MUNICIPAL DE SAUDE - SMS               
00206;JURÍDICA;INSTITUTO DE PREVIDENCIA DO MUNICIPIO             
00136;JURÍDICA;PREFEITURA MUNICIPAL DE URUOCA                    
00569;JURÍDICA;SECRETARIA MUNICIPAL DE EDUCACAO DE TRAIRI        
00634;JURÍDICA;UND. EXC. REC. FIN. ESC. MUN. PROF ANISIO TEIXEIRA
00520;JURÍDICA;EMPORIO CEARENSE DE DIST. E IMP. LTDA             
50475;JURÍDICA;FERNANDO AUGUSTO CARNEIRO                         
50173;JURÍDICA;JOSAPAR - JOAQUIM OLIVEIRA S/A. PARTICIPACOES     
50236;JURÍDICA;INDUSTRIA DE JERSEY POM POM LTDA.                 
50231;JURÍDICA;MIL COMERCIO DE EMBALAGENS LTDA.                  
50527;JURÍDICA;ASA SUL INDÚSTRIA E COM DE MALHAS LTDA            
00545;JURÍDICA;CONSELHO ESCOLAR DE SANTANA                       
50568;JURÍDICA;M & A IND E COM DE PROD ALIMEN E NAT LTDA         
50356;JURÍDICA;YGA COMERCIO DE ELETRODIMESTICOS ALVES LTDA       
50116;JURÍDICA;MULTIGIRO DISTRIBUIDORA E REPRESENTAÇÕES LTDA     
00582;JURÍDICA;SERVICO SOCIAL DO COMERCIO - SESC - AR. CE.       
50184;JURÍDICA;LUCIRAN ARAUJO SANTOS                             
00446;JURÍDICA;MATERNIDADE ESCOLA ASSIS CHATEUBRIAND             
50422;JURÍDICA;MG GOMES VIANA MS                                 
50498;JURÍDICA;MARIA BEZERRA ROCHA                               
50514;JURÍDICA;PARAÍSO DA BANANA                                 
50630;JURÍDICA;ALLTECH TECNOLOGIA E SERVIÇOS ELETRÔNICOS LTDA -ME
50136;JURÍDICA;NUTRIMENTAL INDÚSTRIA E COMÉRCIO DE ALIMENTOS S/A.
50625;JURÍDICA;NEIVA TERCEIRO IND. DE PAES LTDA                  
00126;JURÍDICA;PREFEITURA MUNICIPAL DE OCARA                     
00522;JURÍDICA;EPOCA ENGENHARIA IMPORTAÇÃO COM LTDA              
50098;JURÍDICA;COCAL CEREAIS LTDA                                
50441;JURÍDICA;CCV- CHRISTMAS COMUNICACAO LTDA                   
50466;JURÍDICA;RASNA COMERCIO DE COSMETICOS LTDA-EPP             
50624;JURÍDICA;M A FALCÃO EPP                                    
50421;JURÍDICA;CASA DAS PANELAS COMERCIO & ASSISTENCIA TEC. LTDA 
50076;JURÍDICA;FRANCISCA DAS CHAGAS SILVA SALES                  
00395;JURÍDICA;FUNDO MUNICIPAL DE EDUCACAO                       
00219;JURÍDICA;CARTER EMPREENDIMENTO DE MAO DE OBRA LTDA.        
50110;JURÍDICA;ALIMENKO IMPORTADORA E EXPORTADORA LTDA.          
00313;JURÍDICA;SECRETARIA DA INFRA ESTRUTURA                     
50496;JURÍDICA;FR COMERCIO VAREJISTA DE SACARIAS USADAS LTDA ME  
00306;JURÍDICA;CONTROLADORIA GERAL DO MUNICIPIO                  
50606;JURÍDICA;SEGURADORA LÍDER DOS CONSÓRCIOS DO SEGURO DPVAT S.
00017;JURÍDICA;SOC. DE ASSIST. A MATER. ESCOLA A. CHATEAUBRIAND  
50104;JURÍDICA;BELPLAST S.A. PLASTICOS DESCARTAVEIS              
50599;JURÍDICA;MACHADO & FERNANDES LTDA EPP                      
00103;JURÍDICA;CENTRO DE ASSIST. A CRIANCA LUCIA DE FATIMA       
50710;JURÍDICA;FUNDO DE INVESTIMENTO EM DIR CREDITÓRIOS          
50482;JURÍDICA;ELETRONICA MUSICAL COM. IMP. SERV                 
50141;JURÍDICA;JOSE JALMERINDO PINTO SERPA                       
00131;JURÍDICA;PREFEITURA MUNICIPAL DE PALMACIA                  
00046;JURÍDICA;SEC. MUN. DE DESEN. URBANO E INFRA ESTRUTURA-SEINF
00196;JURÍDICA;COLEGIO DA POLICIA MILITAR                        
50124;JURÍDICA;SUPER. FEDERAL DE AGRICULTURA NO CEARA            
50574;JURÍDICA;CBL ALIMENTOS S/A                                 
50386;JURÍDICA;JASMIN INDUSTRIA E COMERCIO DE PAPEIS LTDA        
50654;JURÍDICA;IFOOD COM REST S/A                                
50034;JURÍDICA;GH DISTRIBUIDORA DE PRODUTOS ALIMENTICIO LTDA     
50685;JURÍDICA;MANHATTAN SPRING PARK - EMPREENDIMENTO I          
50227;JURÍDICA;CARGILL AGRICOLA S.A.                             
50313;JURÍDICA;ELETRO SHOPING CASA AMARELA LTDA                  
00519;JURÍDICA;FRANCISCO ARAGAO XIMENES ME                       
00180;JURÍDICA;GABINETE DO PREFEITO                              
00399;JURÍDICA;COLONIA DOS PESCADORES - Z - 25 LAGOINHA          
50697;JURÍDICA;DUNAX LUBRIFICANTES LTDA ME                       
00187;JURÍDICA;TRIBUNAL DE CONTAS DOS MUNICIPIOS                 
50457;JURÍDICA;IMAR COSMETICOS IND. E COM. LTDA                  
00260;JURÍDICA;COMPANHIA DA GESTAO DE REC. HIDRICOS DO EST. DO CE
50042;JURÍDICA;COMSOL COMERCIAL SOL DE ALIMENTOS LTDA            
00157;JURÍDICA;PREFEITURA MUNICIPAL DE UBAJARA                   
50074;JURÍDICA;FAXQUIMICA IND E COM DE MATERIAIS DE LIMPEZA LTDA.
00037;JURÍDICA;HOSPITAL DE SAUDE MENTAL DE MESSEJANA             
00454;JURÍDICA;CONS. ESCOLAR DA ESC. DE ENS. FUND. MANUEL DE LIMA
50268;JURÍDICA;ATACADAO DOS ELETROS DO NORDESTE LTDA             
00531;JURÍDICA;CENTRO DE ASSIST. A CRIANÇA LUCIA DE FATIMA       
50224;JURÍDICA;NRT COM. IND. LTDA.                               
00215;JURÍDICA;CHAMBERTIN NORDESTE RISORTE LTDA.                 
50450;JURÍDICA;SEBASTIAO BEZERRA GOMES                           
50279;JURÍDICA;STEVE LIMA CARNEIRO-ME                            
00221;JURÍDICA;NAVIO PATRULHA GOIANIA                            
